CREATE DATABASE  IF NOT EXISTS `simmandebrief` /*!40100 DEFAULT CHARACTER SET utf8 */;
USE `simmandebrief`;
-- MySQL dump 10.13  Distrib 5.7.12, for Win64 (x86_64)
--
-- Host: localhost    Database: simmandebrief
-- ------------------------------------------------------
-- Server version	5.7.17-log

/*!40101 SET @OLD_CHARACTER_SET_CLIENT=@@CHARACTER_SET_CLIENT */;
/*!40101 SET @OLD_CHARACTER_SET_RESULTS=@@CHARACTER_SET_RESULTS */;
/*!40101 SET @OLD_COLLATION_CONNECTION=@@COLLATION_CONNECTION */;
/*!40101 SET NAMES utf8 */;
/*!40103 SET @OLD_TIME_ZONE=@@TIME_ZONE */;
/*!40103 SET TIME_ZONE='+00:00' */;
/*!40014 SET @OLD_UNIQUE_CHECKS=@@UNIQUE_CHECKS, UNIQUE_CHECKS=0 */;
/*!40014 SET @OLD_FOREIGN_KEY_CHECKS=@@FOREIGN_KEY_CHECKS, FOREIGN_KEY_CHECKS=0 */;
/*!40101 SET @OLD_SQL_MODE=@@SQL_MODE, SQL_MODE='NO_AUTO_VALUE_ON_ZERO' */;
/*!40111 SET @OLD_SQL_NOTES=@@SQL_NOTES, SQL_NOTES=0 */;

--
-- Table structure for table `event`
--

DROP TABLE IF EXISTS `event`;
/*!40101 SET @saved_cs_client     = @@character_set_client */;
/*!40101 SET character_set_client = utf8 */;
CREATE TABLE `event` (
  `EventID` int(11) NOT NULL AUTO_INCREMENT,
  `EventName` varchar(45) DEFAULT NULL,
  `EventType` varchar(45) DEFAULT NULL,
  `EventSubtype` varchar(45) DEFAULT NULL,
  `Hours` int(11) DEFAULT NULL,
  `Minutes` int(11) DEFAULT NULL,
  `Seconds` int(11) DEFAULT NULL,
  `NumVal` float DEFAULT NULL,
  `StringVal` varchar(45) DEFAULT NULL,
  `Priority` int(11) DEFAULT NULL,
  `PatientID` varchar(45) DEFAULT NULL,
  `SimID` int(11) DEFAULT NULL,
  PRIMARY KEY (`EventID`)
) ENGINE=MyISAM AUTO_INCREMENT=1223 DEFAULT CHARSET=utf8;
/*!40101 SET character_set_client = @saved_cs_client */;

--
-- Dumping data for table `event`
--

LOCK TABLES `event` WRITE;
/*!40000 ALTER TABLE `event` DISABLE KEYS */;
INSERT INTO `event` VALUES (1,'Rhythm','initialState','ECG',0,0,0,0,'Atrial Fibrillation (AFib)',3,'1',1),(2,'HR','initialState','ECG',0,0,0,140,'',3,'1',1),(3,'EMD_PEA','initialState','null',0,0,0,0,'off',3,'1',1),(4,'MuscularArtifact','initialState','null',0,0,0,0,'off',3,'1',1),(5,'ElectricalArtifact','initialState','null',0,0,0,0,'off',3,'1',1),(6,'HR','initialState','null',0,0,0,140,'',3,'1',1),(7,'Systolic','initialState','null',0,0,0,115,'',3,'1',1),(8,'Diastolic','initialState','null',0,0,0,50,'',3,'1',1),(9,'SpO2','initialState','null',0,0,0,85,'',3,'1',1),(10,'shocksForLife','initialState','null',0,0,0,0,'Shocks to conversion =  1',3,'1',1),(11,'pulseStrengthFemoralis','initialState','null',0,0,0,0,'Central pulses. Pulse strength = normal',3,'1',1),(12,'pulseStrengthBrachialis','initialState','null',0,0,0,0,'Pulse strength = normal',3,'1',1),(13,'pulseStrengthRadialis','initialState','null',0,0,0,0,'Pulse radialis/brachialis. Pulse strength = n',3,'1',1),(14,'CO','initialState','null',0,0,0,0,'5.6',3,'1',1),(15,'FIN2O','initialState','null',0,0,0,0,'',3,'1',1),(16,'ETN2O','initialState','null',0,0,0,0,'',3,'1',1),(17,'FIAnes','initialState','null',0,0,0,0,'0.0',3,'1',1),(18,'ETAnes','initialState','null',0,0,0,0,'0.0',3,'1',1),(19,'FIENF','initialState','null',0,0,0,0,'0.0',3,'1',1),(20,'ETENF','initialState','null',0,0,0,0,'0.0',3,'1',1),(21,'FIDES','initialState','null',0,0,0,0,'0.0',3,'1',1),(22,'ETDES','initialState','null',0,0,0,0,'0.0',3,'1',1),(23,'FIHAL','initialState','null',0,0,0,0,'0.0',3,'1',1),(24,'ETHAL','initialState','null',0,0,0,0,'0.0',3,'1',1),(25,'FIISO','initialState','null',0,0,0,0,'0.0',3,'1',1),(26,'ETISO','initialState','null',0,0,0,0,'0.0',3,'1',1),(27,'FISEV','initialState','null',0,0,0,0,'0.0',3,'1',1),(28,'ETSEV','initialState','null',0,0,0,0,'0.0',3,'1',1),(29,'TO4','initialState','null',0,0,0,4,'',3,'1',1),(30,'TO4FR','initialState','null',0,0,0,100,'',3,'1',1),(31,'AuscultationGap','initialState','null',0,0,0,0,'off',3,'1',1),(32,'airwayElement','initialState','null',0,0,0,0,'					',3,'1',1),(33,'airwayElement','initialState','null',0,0,0,0,'					',3,'1',1),(34,'airwayElement','initialState','null',0,0,0,0,'					',3,'1',1),(35,'airwayElement','initialState','null',0,0,0,0,'					',3,'1',1),(36,'airwayElement','initialState','null',0,0,0,0,'					',3,'1',1),(37,'airwayElement','initialState','null',0,0,0,0,'					',3,'1',1),(38,'airwayElement','initialState','null',0,0,0,0,'					',3,'1',1),(39,'airwayElement','initialState','null',0,0,0,0,'					',3,'1',1),(40,'airwayElement','initialState','null',0,0,0,0,'					',3,'1',1),(41,'airwayElement','initialState','null',0,0,0,0,'					',3,'1',1),(42,'airwayElement','initialState','null',0,0,0,0,'					',3,'1',1),(43,'HandlerStart','logElement','null',0,0,0,0,'Pharm 5216 Dysrhythmias 2015',4,'1',1),(44,'HR','vitalssummary','null',0,0,0,140,'',3,'1',1),(45,'Systolic','vitalssummary','null',0,0,0,115,'',3,'1',1),(46,'Diastolic','vitalssummary','null',0,0,0,50,'',3,'1',1),(47,'SpO2','vitalssummary','null',0,0,0,85,'',3,'1',1),(48,'MonitorEcgLeadsAttached','logElement','null',0,0,1,0,'ECG leads attached',2,'1',1),(49,'MonitorABPSensor','logElement','null',0,0,3,0,'ABP sensor connected',2,'1',1),(50,'Alarm','logElement','null',0,0,3,0,'Alarm: Pulse HIGH',2,'1',1),(51,'Alarm','logElement','null',0,0,5,0,'Alarm: HR HIGH',2,'1',1),(52,'Alarm','logElement','null',0,0,5,0,'Alarm: SpO2 LOW',2,'1',1),(53,'SpO2Probe','logElement','null',0,0,7,0,'',2,'1',1),(54,'HR','logElement','null',0,0,7,136,'',3,'1',1),(55,'HR','vitalssummary','null',0,1,0,134,'',3,'1',1),(56,'Systolic','vitalssummary','null',0,1,0,115,'',3,'1',1),(57,'Diastolic','vitalssummary','null',0,1,0,50,'',3,'1',1),(58,'SpO2','vitalssummary','null',0,1,0,85,'',3,'1',1),(59,'HR','vitalssummary','null',0,2,0,138,'',3,'1',1),(60,'Systolic','vitalssummary','null',0,2,0,115,'',3,'1',1),(61,'Diastolic','vitalssummary','null',0,2,0,50,'',3,'1',1),(62,'SpO2','vitalssummary','null',0,2,0,85,'',3,'1',1),(63,'HR','vitalssummary','null',0,3,0,138,'',3,'1',1),(64,'Systolic','vitalssummary','null',0,3,0,115,'',3,'1',1),(65,'Diastolic','vitalssummary','null',0,3,0,50,'',3,'1',1),(66,'SpO2','vitalssummary','null',0,3,0,85,'',3,'1',1),(67,'HR','vitalssummary','null',0,4,0,136,'',3,'1',1),(68,'Systolic','vitalssummary','null',0,4,0,115,'',3,'1',1),(69,'Diastolic','vitalssummary','null',0,4,0,50,'',3,'1',1),(70,'SpO2','vitalssummary','null',0,4,0,85,'',3,'1',1),(71,'HR','vitalssummary','null',0,5,0,141,'',3,'1',1),(72,'Systolic','vitalssummary','null',0,5,0,115,'',3,'1',1),(73,'Diastolic','vitalssummary','null',0,5,0,50,'',3,'1',1),(74,'SpO2','vitalssummary','null',0,5,0,85,'',3,'1',1),(75,'HR','vitalssummary','null',0,6,0,134,'',3,'1',1),(76,'Systolic','vitalssummary','null',0,6,0,115,'',3,'1',1),(77,'Diastolic','vitalssummary','null',0,6,0,50,'',3,'1',1),(78,'SpO2','vitalssummary','null',0,6,0,85,'',3,'1',1),(79,'HR','vitalssummary','null',0,7,0,138,'',3,'1',1),(80,'Systolic','vitalssummary','null',0,7,0,115,'',3,'1',1),(81,'Diastolic','vitalssummary','null',0,7,0,50,'',3,'1',1),(82,'SpO2','vitalssummary','null',0,7,0,85,'',3,'1',1),(83,'HR','vitalssummary','null',0,8,0,136,'',3,'1',1),(84,'Systolic','vitalssummary','null',0,8,0,115,'',3,'1',1),(85,'Diastolic','vitalssummary','null',0,8,0,50,'',3,'1',1),(86,'SpO2','vitalssummary','null',0,8,0,85,'',3,'1',1),(87,'HR','vitalssummary','null',0,9,0,139,'',3,'1',1),(88,'Systolic','vitalssummary','null',0,9,0,115,'',3,'1',1),(89,'Diastolic','vitalssummary','null',0,9,0,50,'',3,'1',1),(90,'SpO2','vitalssummary','null',0,9,0,85,'',3,'1',1),(91,'HR','vitalssummary','null',0,10,0,138,'',3,'1',1),(92,'Systolic','vitalssummary','null',0,10,0,115,'',3,'1',1),(93,'Diastolic','vitalssummary','null',0,10,0,50,'',3,'1',1),(94,'SpO2','vitalssummary','null',0,10,0,85,'',3,'1',1),(95,'DCComment','ABCEvent','null',0,10,33,0,'				',1,'1',1),(96,'DCEvent','ABCEvent','null',0,10,33,0,'				',1,'1',1),(97,'DCCorrect','ABCEvent','null',0,10,33,0,'true',1,'1',1),(98,'DCGrade','ABCEvent','null',0,10,33,2,'',1,'1',1),(99,'DCGradeDescription','ABCEvent','null',0,10,33,0,'				',1,'1',1),(100,'HR','ABCEvent','null',0,10,53,107,'',3,'1',1),(101,'HR','vitalssummary','null',0,11,0,95,'',3,'1',1),(102,'Systolic','vitalssummary','null',0,11,0,115,'',3,'1',1),(103,'Diastolic','vitalssummary','null',0,11,0,50,'',3,'1',1),(104,'SpO2','vitalssummary','null',0,11,0,85,'',3,'1',1),(105,'HR','logElement','null',0,11,35,92,'',3,'1',1),(106,'HR','vitalssummary','null',0,12,0,94,'',3,'1',1),(107,'Systolic','vitalssummary','null',0,12,0,115,'',3,'1',1),(108,'Diastolic','vitalssummary','null',0,12,0,50,'',3,'1',1),(109,'SpO2','vitalssummary','null',0,12,0,85,'',3,'1',1),(110,'HR','vitalssummary','null',0,13,0,98,'',3,'1',1),(111,'Systolic','vitalssummary','null',0,13,0,124,'',3,'1',1),(112,'Diastolic','vitalssummary','null',0,13,0,59,'',3,'1',1),(113,'SpO2','vitalssummary','null',0,13,0,85,'',3,'1',1),(114,'DCComment','ABCEvent','null',0,13,16,0,'				',1,'1',1),(115,'DCEvent','ABCEvent','null',0,13,16,0,'				',1,'1',1),(116,'DCCorrect','ABCEvent','null',0,13,16,0,'NA',1,'1',1),(117,'DCGrade','ABCEvent','null',0,13,16,1,'',1,'1',1),(118,'DCGradeDescription','ABCEvent','null',0,13,16,0,'				',1,'1',1),(119,'ABCEvent','ABCEvent','null',0,13,34,0,'UPDATED VITALS FOR V-TACH',2,'1',1),(120,'Rhythm','ABCEvent','null',0,13,34,0,'Ventricular Tachycardia (VT)',3,'1',1),(121,'HR','ABCEvent','null',0,13,34,180,'',3,'1',1),(122,'EMD_PEA','ABCEvent','null',0,13,34,0,'off',3,'1',1),(123,'MuscularArtifact','ABCEvent','null',0,13,34,0,'off',3,'1',1),(124,'ElectricalArtifact','ABCEvent','null',0,13,34,0,'off',3,'1',1),(125,'Rhythm','ABCEvent','null',0,13,34,0,'Ventricular Tachycardia (VT)',3,'1',1),(126,'HR','ABCEvent','null',0,13,34,180,'',3,'1',1),(127,'EMD_PEA','ABCEvent','null',0,13,34,0,'off',3,'1',1),(128,'MuscularArtifact','ABCEvent','null',0,13,34,0,'off',3,'1',1),(129,'ElectricalArtifact','ABCEvent','null',0,13,34,0,'off',3,'1',1),(130,'Alarm','ABCEvent','null',0,13,34,0,'Alarm: ABPs LOW',2,'1',1),(131,'BreathRate','ABCEvent','null',0,13,40,30,'',3,'1',1),(132,'Systolic','ABCEvent','null',0,13,41,80,'',3,'1',1),(133,'Diastolic','ABCEvent','null',0,13,41,40,'',3,'1',1),(134,'Alarm','ABCEvent','null',0,13,42,0,'Alarm: EXTREME TACHY',2,'1',1),(135,'Alarm','ABCEvent','null',0,13,43,0,'Alarm: TACHY (Pulse)',2,'1',1),(136,'HR','ABCEvent','null',0,13,45,179,'',3,'1',1),(137,'HR','vitalssummary','null',0,14,0,178,'',3,'1',1),(138,'Systolic','vitalssummary','null',0,14,0,80,'',3,'1',1),(139,'Diastolic','vitalssummary','null',0,14,0,40,'',3,'1',1),(140,'SpO2','vitalssummary','null',0,14,0,82,'',3,'1',1),(141,'HR','vitalssummary','null',0,15,0,177,'',3,'1',1),(142,'Systolic','vitalssummary','null',0,15,0,80,'',3,'1',1),(143,'Diastolic','vitalssummary','null',0,15,0,40,'',3,'1',1),(144,'SpO2','vitalssummary','null',0,15,0,82,'',3,'1',1),(145,'DCComment','ABCEvent','null',0,15,5,0,'				',1,'1',1),(146,'DCEvent','ABCEvent','null',0,15,5,0,'				',1,'1',1),(147,'DCCorrect','ABCEvent','null',0,15,5,0,'true',1,'1',1),(148,'DCGrade','ABCEvent','null',0,15,5,2,'',1,'1',1),(149,'DCGradeDescription','ABCEvent','null',0,15,5,0,'				',1,'1',1),(150,'ABCEvent','ABCEvent','null',0,15,20,0,'UPDATED VITALS FOR DISCHARGE',2,'1',1),(151,'Rhythm','ABCEvent','null',0,15,20,0,'Sinus Rhythm',3,'1',1),(152,'HR','ABCEvent','null',0,15,20,77,'',3,'1',1),(153,'EMD_PEA','ABCEvent','null',0,15,20,0,'off',3,'1',1),(154,'MuscularArtifact','ABCEvent','null',0,15,20,0,'off',3,'1',1),(155,'ElectricalArtifact','ABCEvent','null',0,15,20,0,'off',3,'1',1),(156,'Rhythm','ABCEvent','null',0,15,20,0,'Sinus Rhythm',3,'1',1),(157,'HR','ABCEvent','null',0,15,20,77,'',3,'1',1),(158,'EMD_PEA','ABCEvent','null',0,15,20,0,'off',3,'1',1),(159,'MuscularArtifact','ABCEvent','null',0,15,20,0,'off',3,'1',1),(160,'ElectricalArtifact','ABCEvent','null',0,15,20,0,'off',3,'1',1),(161,'BreathRate','ABCEvent','null',0,15,26,12,'',3,'1',1),(162,'Systolic','ABCEvent','null',0,15,27,126,'',3,'1',1),(163,'Diastolic','ABCEvent','null',0,15,27,84,'',3,'1',1),(164,'HR','ABCEvent','null',0,15,29,80,'',3,'1',1),(165,'HR','vitalssummary','null',0,16,0,75,'',3,'1',1),(166,'Systolic','vitalssummary','null',0,16,0,126,'',3,'1',1),(167,'Diastolic','vitalssummary','null',0,16,0,84,'',3,'1',1),(168,'SpO2','vitalssummary','null',0,16,0,82,'',3,'1',1),(169,'HR','vitalssummary','null',0,17,0,77,'',3,'1',1),(170,'Systolic','vitalssummary','null',0,17,0,126,'',3,'1',1),(171,'Diastolic','vitalssummary','null',0,17,0,84,'',3,'1',1),(172,'SpO2','vitalssummary','null',0,17,0,82,'',3,'1',1),(173,'SpO2','logElement','null',0,17,22,94,'',3,'1',1),(174,'HR','vitalssummary','null',0,18,0,76,'',3,'1',1),(175,'Systolic','vitalssummary','null',0,18,0,126,'',3,'1',1),(176,'Diastolic','vitalssummary','null',0,18,0,84,'',3,'1',1),(177,'SpO2','vitalssummary','null',0,18,0,94,'',3,'1',1),(178,'HR','vitalssummary','null',0,19,0,76,'',3,'1',1),(179,'Systolic','vitalssummary','null',0,19,0,126,'',3,'1',1),(180,'Diastolic','vitalssummary','null',0,19,0,84,'',3,'1',1),(181,'SpO2','vitalssummary','null',0,19,0,94,'',3,'1',1),(182,'HR','vitalssummary','null',0,20,0,77,'',3,'1',1),(183,'Systolic','vitalssummary','null',0,20,0,126,'',3,'1',1),(184,'Diastolic','vitalssummary','null',0,20,0,84,'',3,'1',1),(185,'SpO2','vitalssummary','null',0,20,0,94,'',3,'1',1),(186,'HR','vitalssummary','null',0,21,0,75,'',3,'1',1),(187,'Systolic','vitalssummary','null',0,21,0,126,'',3,'1',1),(188,'Diastolic','vitalssummary','null',0,21,0,84,'',3,'1',1),(189,'SpO2','vitalssummary','null',0,21,0,94,'',3,'1',1),(190,'HR','vitalssummary','null',0,22,0,75,'',3,'1',1),(191,'Systolic','vitalssummary','null',0,22,0,126,'',3,'1',1),(192,'Diastolic','vitalssummary','null',0,22,0,84,'',3,'1',1),(193,'SpO2','vitalssummary','null',0,22,0,94,'',3,'1',1),(194,'HR','vitalssummary','null',0,23,0,77,'',3,'1',1),(195,'Systolic','vitalssummary','null',0,23,0,126,'',3,'1',1),(196,'Diastolic','vitalssummary','null',0,23,0,84,'',3,'1',1),(197,'SpO2','vitalssummary','null',0,23,0,94,'',3,'1',1),(198,'DCComment','ABCEvent','null',0,23,23,0,'				',1,'1',1),(199,'DCEvent','ABCEvent','null',0,23,23,0,'				',1,'1',1),(200,'DCCorrect','ABCEvent','null',0,23,23,0,'true',1,'1',1),(201,'DCGrade','ABCEvent','null',0,23,23,2,'',1,'1',1),(202,'DCGradeDescription','ABCEvent','null',0,23,23,0,'				',1,'1',1),(203,'HR','vitalssummary','null',0,24,0,75,'',3,'1',1),(204,'Systolic','vitalssummary','null',0,24,0,126,'',3,'1',1),(205,'Diastolic','vitalssummary','null',0,24,0,84,'',3,'1',1),(206,'SpO2','vitalssummary','null',0,24,0,94,'',3,'1',1),(207,'DCComment','ABCEvent','null',0,24,43,0,'				',1,'1',1),(208,'DCEvent','ABCEvent','null',0,24,43,0,'				',1,'1',1),(209,'DCCorrect','ABCEvent','null',0,24,43,0,'true',1,'1',1),(210,'DCGrade','ABCEvent','null',0,24,43,2,'',1,'1',1),(211,'DCGradeDescription','ABCEvent','null',0,24,43,0,'				',1,'1',1),(212,'HR','vitalssummary','null',0,25,0,76,'',3,'1',1),(213,'Systolic','vitalssummary','null',0,25,0,126,'',3,'1',1),(214,'Diastolic','vitalssummary','null',0,25,0,84,'',3,'1',1),(215,'SpO2','vitalssummary','null',0,25,0,94,'',3,'1',1),(216,'DCComment','ABCEvent','null',0,25,11,0,'				',1,'1',1),(217,'DCEvent','ABCEvent','null',0,25,11,0,'				',1,'1',1),(218,'DCCorrect','ABCEvent','null',0,25,11,0,'true',1,'1',1),(219,'DCGrade','ABCEvent','null',0,25,11,2,'',1,'1',1),(220,'DCGradeDescription','ABCEvent','null',0,25,11,0,'				',1,'1',1),(221,'ABCEvent','ABCEvent','null',0,25,24,0,'BEST recommendations for anticoagulation at d',2,'1',1),(222,'DCComment','ABCEvent','null',0,25,24,0,'				',1,'1',1),(223,'DCEvent','ABCEvent','null',0,25,24,0,'				',1,'1',1),(224,'DCCorrect','ABCEvent','null',0,25,24,0,'true',1,'1',1),(225,'DCGrade','ABCEvent','null',0,25,24,2,'',1,'1',1),(226,'DCGradeDescription','ABCEvent','null',0,25,24,0,'				',1,'1',1),(227,'HR','vitalssummary','null',0,26,0,77,'',3,'1',1),(228,'Systolic','vitalssummary','null',0,26,0,126,'',3,'1',1),(229,'Diastolic','vitalssummary','null',0,26,0,84,'',3,'1',1),(230,'SpO2','vitalssummary','null',0,26,0,94,'',3,'1',1),(231,'DCComment','ABCEvent','null',0,26,33,0,'				',1,'1',1),(232,'DCEvent','ABCEvent','null',0,26,33,0,'				',1,'1',1),(233,'DCCorrect','ABCEvent','null',0,26,33,0,'true',1,'1',1),(234,'DCGrade','ABCEvent','null',0,26,33,2,'',1,'1',1),(235,'DCGradeDescription','ABCEvent','null',0,26,33,0,'				',1,'1',1),(236,'ABCEvent','ABCEvent','null',0,27,0,0,'BEST discharge recommendation for HTN',2,'1',1),(237,'DCComment','ABCEvent','null',0,27,0,0,'				',1,'1',1),(238,'DCEvent','ABCEvent','null',0,27,0,0,'				',1,'1',1),(239,'DCCorrect','ABCEvent','null',0,27,0,0,'true',1,'1',1),(240,'DCGrade','ABCEvent','null',0,27,0,2,'',1,'1',1),(241,'DCGradeDescription','ABCEvent','null',0,27,0,0,'				',1,'1',1),(242,'HR','vitalssummary','null',0,27,0,77,'',3,'1',1),(243,'Systolic','vitalssummary','null',0,27,0,126,'',3,'1',1),(244,'Diastolic','vitalssummary','null',0,27,0,84,'',3,'1',1),(245,'SpO2','vitalssummary','null',0,27,0,94,'',3,'1',1),(246,'DCComment','ABCEvent','null',0,27,7,0,'				',1,'1',1),(247,'DCEvent','ABCEvent','null',0,27,7,0,'				',1,'1',1),(248,'DCCorrect','ABCEvent','null',0,27,7,0,'false',1,'1',1),(249,'ScenarioStop','ABCEvent','null',0,27,55,0,'			',3,'1',1),(250,'Rhythm','initialState','ECG',0,0,0,0,'Atrial Fibrillation (AFib)',3,'1',2),(251,'HR','initialState','ECG',0,0,0,140,'',3,'1',2),(252,'EMD_PEA','initialState','null',0,0,0,0,'off',3,'1',2),(253,'MuscularArtifact','initialState','null',0,0,0,0,'off',3,'1',2),(254,'ElectricalArtifact','initialState','null',0,0,0,0,'off',3,'1',2),(255,'HR','initialState','null',0,0,0,140,'',3,'1',2),(256,'Systolic','initialState','null',0,0,0,115,'',3,'1',2),(257,'Diastolic','initialState','null',0,0,0,50,'',3,'1',2),(258,'SpO2','initialState','null',0,0,0,85,'',3,'1',2),(259,'shocksForLife','initialState','null',0,0,0,0,'Shocks to conversion =  1',3,'1',2),(260,'pulseStrengthFemoralis','initialState','null',0,0,0,0,'Central pulses. Pulse strength = normal',3,'1',2),(261,'pulseStrengthBrachialis','initialState','null',0,0,0,0,'Pulse strength = normal',3,'1',2),(262,'pulseStrengthRadialis','initialState','null',0,0,0,0,'Pulse radialis/brachialis. Pulse strength = n',3,'1',2),(263,'CO','initialState','null',0,0,0,0,'5.6',3,'1',2),(264,'FIN2O','initialState','null',0,0,0,0,'',3,'1',2),(265,'ETN2O','initialState','null',0,0,0,0,'',3,'1',2),(266,'FIAnes','initialState','null',0,0,0,0,'0.0',3,'1',2),(267,'ETAnes','initialState','null',0,0,0,0,'0.0',3,'1',2),(268,'FIENF','initialState','null',0,0,0,0,'0.0',3,'1',2),(269,'ETENF','initialState','null',0,0,0,0,'0.0',3,'1',2),(270,'FIDES','initialState','null',0,0,0,0,'0.0',3,'1',2),(271,'ETDES','initialState','null',0,0,0,0,'0.0',3,'1',2),(272,'FIHAL','initialState','null',0,0,0,0,'0.0',3,'1',2),(273,'ETHAL','initialState','null',0,0,0,0,'0.0',3,'1',2),(274,'FIISO','initialState','null',0,0,0,0,'0.0',3,'1',2),(275,'ETISO','initialState','null',0,0,0,0,'0.0',3,'1',2),(276,'FISEV','initialState','null',0,0,0,0,'0.0',3,'1',2),(277,'ETSEV','initialState','null',0,0,0,0,'0.0',3,'1',2),(278,'TO4','initialState','null',0,0,0,4,'',3,'1',2),(279,'TO4FR','initialState','null',0,0,0,100,'',3,'1',2),(280,'AuscultationGap','initialState','null',0,0,0,0,'off',3,'1',2),(281,'airwayElement','initialState','null',0,0,0,0,'					',3,'1',2),(282,'airwayElement','initialState','null',0,0,0,0,'					',3,'1',2),(283,'airwayElement','initialState','null',0,0,0,0,'					',3,'1',2),(284,'airwayElement','initialState','null',0,0,0,0,'					',3,'1',2),(285,'airwayElement','initialState','null',0,0,0,0,'					',3,'1',2),(286,'airwayElement','initialState','null',0,0,0,0,'					',3,'1',2),(287,'airwayElement','initialState','null',0,0,0,0,'					',3,'1',2),(288,'airwayElement','initialState','null',0,0,0,0,'					',3,'1',2),(289,'airwayElement','initialState','null',0,0,0,0,'					',3,'1',2),(290,'airwayElement','initialState','null',0,0,0,0,'					',3,'1',2),(291,'airwayElement','initialState','null',0,0,0,0,'					',3,'1',2),(292,'HandlerStart','logElement','null',0,0,0,0,'Pharm 5216 Dysrhythmias 2015',4,'1',2),(293,'HR','vitalssummary','null',0,0,0,140,'',3,'1',2),(294,'Systolic','vitalssummary','null',0,0,0,115,'',3,'1',2),(295,'Diastolic','vitalssummary','null',0,0,0,50,'',3,'1',2),(296,'SpO2','vitalssummary','null',0,0,0,85,'',3,'1',2),(297,'MonitorEcgLeadsAttached','logElement','null',0,0,29,0,'ECG leads attached',2,'1',2),(298,'MonitorABPSensor','logElement','null',0,0,31,0,'ABP sensor connected',2,'1',2),(299,'Alarm','logElement','null',0,0,32,0,'Alarm: Pulse HIGH',2,'1',2),(300,'Alarm','logElement','null',0,0,33,0,'Alarm: HR HIGH',2,'1',2),(301,'Alarm','logElement','null',0,0,34,0,'Alarm: SpO2 LOW',2,'1',2),(302,'SpO2Probe','logElement','null',0,0,37,0,'',2,'1',2),(303,'HR','vitalssummary','null',0,1,0,134,'',3,'1',2),(304,'Systolic','vitalssummary','null',0,1,0,115,'',3,'1',2),(305,'Diastolic','vitalssummary','null',0,1,0,50,'',3,'1',2),(306,'SpO2','vitalssummary','null',0,1,0,85,'',3,'1',2),(307,'HR','vitalssummary','null',0,2,0,137,'',3,'1',2),(308,'Systolic','vitalssummary','null',0,2,0,115,'',3,'1',2),(309,'Diastolic','vitalssummary','null',0,2,0,50,'',3,'1',2),(310,'SpO2','vitalssummary','null',0,2,0,85,'',3,'1',2),(311,'HR','vitalssummary','null',0,3,0,137,'',3,'1',2),(312,'Systolic','vitalssummary','null',0,3,0,115,'',3,'1',2),(313,'Diastolic','vitalssummary','null',0,3,0,50,'',3,'1',2),(314,'SpO2','vitalssummary','null',0,3,0,85,'',3,'1',2),(315,'HR','vitalssummary','null',0,4,0,139,'',3,'1',2),(316,'Systolic','vitalssummary','null',0,4,0,115,'',3,'1',2),(317,'Diastolic','vitalssummary','null',0,4,0,50,'',3,'1',2),(318,'SpO2','vitalssummary','null',0,4,0,85,'',3,'1',2),(319,'HR','vitalssummary','null',0,5,0,139,'',3,'1',2),(320,'Systolic','vitalssummary','null',0,5,0,115,'',3,'1',2),(321,'Diastolic','vitalssummary','null',0,5,0,50,'',3,'1',2),(322,'SpO2','vitalssummary','null',0,5,0,85,'',3,'1',2),(323,'HR','vitalssummary','null',0,6,0,137,'',3,'1',2),(324,'Systolic','vitalssummary','null',0,6,0,115,'',3,'1',2),(325,'Diastolic','vitalssummary','null',0,6,0,50,'',3,'1',2),(326,'SpO2','vitalssummary','null',0,6,0,85,'',3,'1',2),(327,'HR','vitalssummary','null',0,7,0,138,'',3,'1',2),(328,'Systolic','vitalssummary','null',0,7,0,115,'',3,'1',2),(329,'Diastolic','vitalssummary','null',0,7,0,50,'',3,'1',2),(330,'SpO2','vitalssummary','null',0,7,0,85,'',3,'1',2),(331,'HR','vitalssummary','null',0,8,0,137,'',3,'1',2),(332,'Systolic','vitalssummary','null',0,8,0,115,'',3,'1',2),(333,'Diastolic','vitalssummary','null',0,8,0,50,'',3,'1',2),(334,'SpO2','vitalssummary','null',0,8,0,85,'',3,'1',2),(335,'HR','vitalssummary','null',0,9,0,136,'',3,'1',2),(336,'Systolic','vitalssummary','null',0,9,0,115,'',3,'1',2),(337,'Diastolic','vitalssummary','null',0,9,0,50,'',3,'1',2),(338,'SpO2','vitalssummary','null',0,9,0,85,'',3,'1',2),(339,'DCComment','ABCEvent','null',0,9,22,0,'				',1,'1',2),(340,'DCEvent','ABCEvent','null',0,9,22,0,'				',1,'1',2),(341,'DCCorrect','ABCEvent','null',0,9,22,0,'true',1,'1',2),(342,'DCGrade','ABCEvent','null',0,9,22,2,'',1,'1',2),(343,'DCGradeDescription','ABCEvent','null',0,9,22,0,'				',1,'1',2),(344,'ABCEvent','ABCEvent','null',0,9,38,0,'UPDATED VITALS FOR V-TACH',2,'1',2),(345,'Rhythm','ABCEvent','null',0,9,38,0,'Ventricular Tachycardia (VT)',3,'1',2),(346,'HR','ABCEvent','null',0,9,38,180,'',3,'1',2),(347,'EMD_PEA','ABCEvent','null',0,9,38,0,'off',3,'1',2),(348,'MuscularArtifact','ABCEvent','null',0,9,38,0,'off',3,'1',2),(349,'ElectricalArtifact','ABCEvent','null',0,9,38,0,'off',3,'1',2),(350,'Rhythm','ABCEvent','null',0,9,38,0,'Ventricular Tachycardia (VT)',3,'1',2),(351,'HR','ABCEvent','null',0,9,38,180,'',3,'1',2),(352,'EMD_PEA','ABCEvent','null',0,9,38,0,'off',3,'1',2),(353,'MuscularArtifact','ABCEvent','null',0,9,38,0,'off',3,'1',2),(354,'ElectricalArtifact','ABCEvent','null',0,9,38,0,'off',3,'1',2),(355,'Alarm','ABCEvent','null',0,9,38,0,'Alarm: ABPs LOW',2,'1',2),(356,'Alarm','ABCEvent','null',0,9,44,0,'Alarm: EXTREME TACHY',2,'1',2),(357,'Alarm','ABCEvent','null',0,9,44,0,'Alarm: TACHY (Pulse)',2,'1',2),(358,'BreathRate','ABCEvent','null',0,9,44,30,'',3,'1',2),(359,'Systolic','ABCEvent','null',0,9,45,80,'',3,'1',2),(360,'Diastolic','ABCEvent','null',0,9,45,40,'',3,'1',2),(361,'HR','ABCEvent','null',0,9,53,175,'',3,'1',2),(362,'HR','vitalssummary','null',0,10,0,177,'',3,'1',2),(363,'Systolic','vitalssummary','null',0,10,0,80,'',3,'1',2),(364,'Diastolic','vitalssummary','null',0,10,0,40,'',3,'1',2),(365,'SpO2','vitalssummary','null',0,10,0,82,'',3,'1',2),(366,'HR','vitalssummary','null',0,11,0,184,'',3,'1',2),(367,'Systolic','vitalssummary','null',0,11,0,80,'',3,'1',2),(368,'Diastolic','vitalssummary','null',0,11,0,40,'',3,'1',2),(369,'SpO2','vitalssummary','null',0,11,0,82,'',3,'1',2),(370,'HR','vitalssummary','null',0,12,0,179,'',3,'1',2),(371,'Systolic','vitalssummary','null',0,12,0,80,'',3,'1',2),(372,'Diastolic','vitalssummary','null',0,12,0,40,'',3,'1',2),(373,'SpO2','vitalssummary','null',0,12,0,82,'',3,'1',2),(374,'DCComment','ABCEvent','null',0,12,32,0,'				',1,'1',2),(375,'DCEvent','ABCEvent','null',0,12,32,0,'				',1,'1',2),(376,'DCCorrect','ABCEvent','null',0,12,32,0,'true',1,'1',2),(377,'DCGrade','ABCEvent','null',0,12,32,2,'',1,'1',2),(378,'DCGradeDescription','ABCEvent','null',0,12,32,0,'				',1,'1',2),(379,'HR','ABCEvent','null',0,12,58,145,'',3,'1',2),(380,'HR','vitalssummary','null',0,13,0,131,'',3,'1',2),(381,'Systolic','vitalssummary','null',0,13,0,80,'',3,'1',2),(382,'Diastolic','vitalssummary','null',0,13,0,40,'',3,'1',2),(383,'SpO2','vitalssummary','null',0,13,0,82,'',3,'1',2),(384,'HR','logElement','null',0,13,10,115,'',3,'1',2),(385,'HR','vitalssummary','null',0,14,0,114,'',3,'1',2),(386,'Systolic','vitalssummary','null',0,14,0,80,'',3,'1',2),(387,'Diastolic','vitalssummary','null',0,14,0,40,'',3,'1',2),(388,'SpO2','vitalssummary','null',0,14,0,82,'',3,'1',2),(389,'Rhythm','ABCEvent','null',0,14,10,0,'Sinus Rhythm',3,'1',2),(390,'HR','ABCEvent','null',0,14,10,77,'',3,'1',2),(391,'EMD_PEA','ABCEvent','null',0,14,10,0,'off',3,'1',2),(392,'MuscularArtifact','ABCEvent','null',0,14,10,0,'off',3,'1',2),(393,'ElectricalArtifact','ABCEvent','null',0,14,10,0,'off',3,'1',2),(394,'Rhythm','ABCEvent','null',0,14,10,0,'Sinus Rhythm',3,'1',2),(395,'HR','ABCEvent','null',0,14,10,77,'',3,'1',2),(396,'EMD_PEA','ABCEvent','null',0,14,10,0,'off',3,'1',2),(397,'MuscularArtifact','ABCEvent','null',0,14,10,0,'off',3,'1',2),(398,'ElectricalArtifact','ABCEvent','null',0,14,10,0,'off',3,'1',2),(399,'BreathRate','ABCEvent','null',0,14,16,12,'',3,'1',2),(400,'Systolic','ABCEvent','null',0,14,17,126,'',3,'1',2),(401,'Diastolic','ABCEvent','null',0,14,17,84,'',3,'1',2),(402,'HR','ABCEvent','null',0,14,22,76,'',3,'1',2),(403,'HR','vitalssummary','null',0,15,0,76,'',3,'1',2),(404,'Systolic','vitalssummary','null',0,15,0,126,'',3,'1',2),(405,'Diastolic','vitalssummary','null',0,15,0,84,'',3,'1',2),(406,'SpO2','vitalssummary','null',0,15,0,82,'',3,'1',2),(407,'HR','vitalssummary','null',0,16,0,75,'',3,'1',2),(408,'Systolic','vitalssummary','null',0,16,0,126,'',3,'1',2),(409,'Diastolic','vitalssummary','null',0,16,0,84,'',3,'1',2),(410,'SpO2','vitalssummary','null',0,16,0,82,'',3,'1',2),(411,'HR','vitalssummary','null',0,17,0,77,'',3,'1',2),(412,'Systolic','vitalssummary','null',0,17,0,126,'',3,'1',2),(413,'Diastolic','vitalssummary','null',0,17,0,84,'',3,'1',2),(414,'SpO2','vitalssummary','null',0,17,0,82,'',3,'1',2),(415,'HR','vitalssummary','null',0,18,0,76,'',3,'1',2),(416,'Systolic','vitalssummary','null',0,18,0,126,'',3,'1',2),(417,'Diastolic','vitalssummary','null',0,18,0,84,'',3,'1',2),(418,'SpO2','vitalssummary','null',0,18,0,82,'',3,'1',2),(419,'HR','vitalssummary','null',0,19,0,75,'',3,'1',2),(420,'Systolic','vitalssummary','null',0,19,0,126,'',3,'1',2),(421,'Diastolic','vitalssummary','null',0,19,0,84,'',3,'1',2),(422,'SpO2','vitalssummary','null',0,19,0,82,'',3,'1',2),(423,'HR','vitalssummary','null',0,20,0,78,'',3,'1',2),(424,'Systolic','vitalssummary','null',0,20,0,126,'',3,'1',2),(425,'Diastolic','vitalssummary','null',0,20,0,84,'',3,'1',2),(426,'SpO2','vitalssummary','null',0,20,0,82,'',3,'1',2),(427,'HR','vitalssummary','null',0,21,0,75,'',3,'1',2),(428,'Systolic','vitalssummary','null',0,21,0,126,'',3,'1',2),(429,'Diastolic','vitalssummary','null',0,21,0,84,'',3,'1',2),(430,'SpO2','vitalssummary','null',0,21,0,82,'',3,'1',2),(431,'HR','vitalssummary','null',0,22,0,76,'',3,'1',2),(432,'Systolic','vitalssummary','null',0,22,0,126,'',3,'1',2),(433,'Diastolic','vitalssummary','null',0,22,0,84,'',3,'1',2),(434,'SpO2','vitalssummary','null',0,22,0,82,'',3,'1',2),(435,'HR','vitalssummary','null',0,23,0,77,'',3,'1',2),(436,'Systolic','vitalssummary','null',0,23,0,126,'',3,'1',2),(437,'Diastolic','vitalssummary','null',0,23,0,84,'',3,'1',2),(438,'SpO2','vitalssummary','null',0,23,0,82,'',3,'1',2),(439,'DCComment','ABCEvent','null',0,23,33,0,'				',1,'1',2),(440,'DCEvent','ABCEvent','null',0,23,33,0,'				',1,'1',2),(441,'DCCorrect','ABCEvent','null',0,23,33,0,'true',1,'1',2),(442,'DCGrade','ABCEvent','null',0,23,33,2,'',1,'1',2),(443,'DCGradeDescription','ABCEvent','null',0,23,33,0,'				',1,'1',2),(444,'ABCEvent','ABCEvent','null',0,23,36,0,'BEST Score',2,'1',2),(445,'DCComment','ABCEvent','null',0,23,36,0,'				',1,'1',2),(446,'DCEvent','ABCEvent','null',0,23,36,0,'				',1,'1',2),(447,'DCCorrect','ABCEvent','null',0,23,36,0,'true',1,'1',2),(448,'DCGrade','ABCEvent','null',0,23,36,2,'',1,'1',2),(449,'DCGradeDescription','ABCEvent','null',0,23,36,0,'				',1,'1',2),(450,'ABCEvent','ABCEvent','null',0,23,39,0,'BEST recommendations for anticoagulation at d',2,'1',2),(451,'DCComment','ABCEvent','null',0,23,39,0,'				',1,'1',2),(452,'DCEvent','ABCEvent','null',0,23,39,0,'				',1,'1',2),(453,'DCCorrect','ABCEvent','null',0,23,39,0,'true',1,'1',2),(454,'DCGrade','ABCEvent','null',0,23,39,2,'',1,'1',2),(455,'DCGradeDescription','ABCEvent','null',0,23,39,0,'				',1,'1',2),(456,'ABCEvent','ABCEvent','null',0,23,47,0,'BEST discharge recommendation for HTN',2,'1',2),(457,'DCComment','ABCEvent','null',0,23,47,0,'				',1,'1',2),(458,'DCEvent','ABCEvent','null',0,23,47,0,'				',1,'1',2),(459,'DCCorrect','ABCEvent','null',0,23,47,0,'true',1,'1',2),(460,'DCGrade','ABCEvent','null',0,23,47,2,'',1,'1',2),(461,'DCGradeDescription','ABCEvent','null',0,23,47,0,'				',1,'1',2),(462,'ABCEvent','ABCEvent','null',0,23,49,0,'BEST discharge recommendation for DM',2,'1',2),(463,'DCComment','ABCEvent','null',0,23,49,0,'				',1,'1',2),(464,'DCEvent','ABCEvent','null',0,23,49,0,'				',1,'1',2),(465,'DCCorrect','ABCEvent','null',0,23,49,0,'true',1,'1',2),(466,'DCGrade','ABCEvent','null',0,23,49,2,'',1,'1',2),(467,'DCGradeDescription','ABCEvent','null',0,23,49,0,'				',1,'1',2),(468,'HR','vitalssummary','null',0,24,0,75,'',3,'1',2),(469,'Systolic','vitalssummary','null',0,24,0,126,'',3,'1',2),(470,'Diastolic','vitalssummary','null',0,24,0,84,'',3,'1',2),(471,'SpO2','vitalssummary','null',0,24,0,82,'',3,'1',2),(472,'DCComment','ABCEvent','null',0,24,30,0,'				',1,'1',2),(473,'DCEvent','ABCEvent','null',0,24,30,0,'				',1,'1',2),(474,'DCCorrect','ABCEvent','null',0,24,30,0,'true',1,'1',2),(475,'DCGrade','ABCEvent','null',0,24,30,2,'',1,'1',2),(476,'DCGradeDescription','ABCEvent','null',0,24,30,0,'				',1,'1',2),(477,'ABCEvent','ABCEvent','null',0,24,36,0,'BEST recommendation for anticoagulation',2,'1',2),(478,'DCComment','ABCEvent','null',0,24,36,0,'				',1,'1',2),(479,'DCEvent','ABCEvent','null',0,24,36,0,'				',1,'1',2),(480,'DCCorrect','ABCEvent','null',0,24,36,0,'true',1,'1',2),(481,'DCGrade','ABCEvent','null',0,24,36,2,'',1,'1',2),(482,'DCGradeDescription','ABCEvent','null',0,24,36,0,'				',1,'1',2),(483,'HR','vitalssummary','null',0,25,0,76,'',3,'1',2),(484,'Systolic','vitalssummary','null',0,25,0,126,'',3,'1',2),(485,'Diastolic','vitalssummary','null',0,25,0,84,'',3,'1',2),(486,'SpO2','vitalssummary','null',0,25,0,82,'',3,'1',2),(487,'DCComment','ABCEvent','null',0,25,31,0,'				',1,'1',2),(488,'DCEvent','ABCEvent','null',0,25,31,0,'				',1,'1',2),(489,'DCCorrect','ABCEvent','null',0,25,31,0,'true',1,'1',2),(490,'DCGrade','ABCEvent','null',0,25,31,2,'',1,'1',2),(491,'DCGradeDescription','ABCEvent','null',0,25,31,0,'				',1,'1',2),(492,'HR','vitalssummary','null',0,26,0,78,'',3,'1',2),(493,'Systolic','vitalssummary','null',0,26,0,126,'',3,'1',2),(494,'Diastolic','vitalssummary','null',0,26,0,84,'',3,'1',2),(495,'SpO2','vitalssummary','null',0,26,0,82,'',3,'1',2),(496,'ScenarioStop','logElement','null',0,26,1,0,'',3,'1',2),(497,'Rhythm','initialState','ECG',0,0,0,0,'Atrial Fibrillation (AFib)',3,'1',3),(498,'HR','initialState','ECG',0,0,0,140,'',3,'1',3),(499,'EMD_PEA','initialState','null',0,0,0,0,'off',3,'1',3),(500,'MuscularArtifact','initialState','null',0,0,0,0,'off',3,'1',3),(501,'ElectricalArtifact','initialState','null',0,0,0,0,'off',3,'1',3),(502,'HR','initialState','null',0,0,0,140,'',3,'1',3),(503,'Systolic','initialState','null',0,0,0,115,'',3,'1',3),(504,'Diastolic','initialState','null',0,0,0,50,'',3,'1',3),(505,'SpO2','initialState','null',0,0,0,85,'',3,'1',3),(506,'shocksForLife','initialState','null',0,0,0,0,'Shocks to conversion =  1',3,'1',3),(507,'pulseStrengthFemoralis','initialState','null',0,0,0,0,'Central pulses. Pulse strength = normal',3,'1',3),(508,'pulseStrengthBrachialis','initialState','null',0,0,0,0,'Pulse strength = normal',3,'1',3),(509,'pulseStrengthRadialis','initialState','null',0,0,0,0,'Pulse radialis/brachialis. Pulse strength = n',3,'1',3),(510,'CO','initialState','null',0,0,0,0,'5.6',3,'1',3),(511,'FIN2O','initialState','null',0,0,0,0,'',3,'1',3),(512,'ETN2O','initialState','null',0,0,0,0,'',3,'1',3),(513,'FIAnes','initialState','null',0,0,0,0,'0.0',3,'1',3),(514,'ETAnes','initialState','null',0,0,0,0,'0.0',3,'1',3),(515,'FIENF','initialState','null',0,0,0,0,'0.0',3,'1',3),(516,'ETENF','initialState','null',0,0,0,0,'0.0',3,'1',3),(517,'FIDES','initialState','null',0,0,0,0,'0.0',3,'1',3),(518,'ETDES','initialState','null',0,0,0,0,'0.0',3,'1',3),(519,'FIHAL','initialState','null',0,0,0,0,'0.0',3,'1',3),(520,'ETHAL','initialState','null',0,0,0,0,'0.0',3,'1',3),(521,'FIISO','initialState','null',0,0,0,0,'0.0',3,'1',3),(522,'ETISO','initialState','null',0,0,0,0,'0.0',3,'1',3),(523,'FISEV','initialState','null',0,0,0,0,'0.0',3,'1',3),(524,'ETSEV','initialState','null',0,0,0,0,'0.0',3,'1',3),(525,'TO4','initialState','null',0,0,0,4,'',3,'1',3),(526,'TO4FR','initialState','null',0,0,0,100,'',3,'1',3),(527,'AuscultationGap','initialState','null',0,0,0,0,'off',3,'1',3),(528,'airwayElement','initialState','null',0,0,0,0,'					',3,'1',3),(529,'airwayElement','initialState','null',0,0,0,0,'					',3,'1',3),(530,'airwayElement','initialState','null',0,0,0,0,'					',3,'1',3),(531,'airwayElement','initialState','null',0,0,0,0,'					',3,'1',3),(532,'airwayElement','initialState','null',0,0,0,0,'					',3,'1',3),(533,'airwayElement','initialState','null',0,0,0,0,'					',3,'1',3),(534,'airwayElement','initialState','null',0,0,0,0,'					',3,'1',3),(535,'airwayElement','initialState','null',0,0,0,0,'					',3,'1',3),(536,'airwayElement','initialState','null',0,0,0,0,'					',3,'1',3),(537,'airwayElement','initialState','null',0,0,0,0,'					',3,'1',3),(538,'airwayElement','initialState','null',0,0,0,0,'					',3,'1',3),(539,'HandlerStart','logElement','null',0,0,0,0,'Pharm 5216 Dysrhythmias 2015',4,'1',3),(540,'HR','vitalssummary','null',0,0,0,140,'',3,'1',3),(541,'Systolic','vitalssummary','null',0,0,0,115,'',3,'1',3),(542,'Diastolic','vitalssummary','null',0,0,0,50,'',3,'1',3),(543,'SpO2','vitalssummary','null',0,0,0,85,'',3,'1',3),(544,'MonitorEcgLeadsAttached','logElement','null',0,0,1,0,'ECG leads attached',2,'1',3),(545,'MonitorABPSensor','logElement','null',0,0,2,0,'ABP sensor connected',2,'1',3),(546,'Alarm','logElement','null',0,0,3,0,'Alarm: Pulse HIGH',2,'1',3),(547,'Alarm','logElement','null',0,0,4,0,'Alarm: HR HIGH',2,'1',3),(548,'Alarm','logElement','null',0,0,5,0,'Alarm: SpO2 LOW',2,'1',3),(549,'SpO2Probe','logElement','null',0,0,7,0,'',2,'1',3),(550,'HR','logElement','null',0,0,11,135,'',3,'1',3),(551,'HR','vitalssummary','null',0,1,0,136,'',3,'1',3),(552,'Systolic','vitalssummary','null',0,1,0,115,'',3,'1',3),(553,'Diastolic','vitalssummary','null',0,1,0,50,'',3,'1',3),(554,'SpO2','vitalssummary','null',0,1,0,85,'',3,'1',3),(555,'HR','vitalssummary','null',0,2,0,136,'',3,'1',3),(556,'Systolic','vitalssummary','null',0,2,0,115,'',3,'1',3),(557,'Diastolic','vitalssummary','null',0,2,0,50,'',3,'1',3),(558,'SpO2','vitalssummary','null',0,2,0,85,'',3,'1',3),(559,'DCComment','ABCEvent','null',0,2,40,0,'				',1,'1',3),(560,'DCEvent','ABCEvent','null',0,2,40,0,'				',1,'1',3),(561,'DCCorrect','ABCEvent','null',0,2,40,0,'true',1,'1',3),(562,'DCGrade','ABCEvent','null',0,2,40,2,'',1,'1',3),(563,'DCGradeDescription','ABCEvent','null',0,2,40,0,'				',1,'1',3),(564,'Rhythm','ABCEvent','null',0,2,57,0,'Sinus Rhythm',3,'1',3),(565,'HR','ABCEvent','null',0,2,57,80,'',3,'1',3),(566,'EMD_PEA','ABCEvent','null',0,2,57,0,'off',3,'1',3),(567,'MuscularArtifact','ABCEvent','null',0,2,57,0,'off',3,'1',3),(568,'ElectricalArtifact','ABCEvent','null',0,2,57,0,'off',3,'1',3),(569,'HR','vitalssummary','null',0,3,0,138,'',3,'1',3),(570,'Systolic','vitalssummary','null',0,3,0,115,'',3,'1',3),(571,'Diastolic','vitalssummary','null',0,3,0,50,'',3,'1',3),(572,'SpO2','vitalssummary','null',0,3,0,85,'',3,'1',3),(573,'SpO2','logElement','null',0,3,7,92,'',3,'1',3),(574,'HR','logElement','null',0,3,9,80,'',3,'1',3),(575,'HR','vitalssummary','null',0,4,0,81,'',3,'1',3),(576,'Systolic','vitalssummary','null',0,4,0,115,'',3,'1',3),(577,'Diastolic','vitalssummary','null',0,4,0,50,'',3,'1',3),(578,'SpO2','vitalssummary','null',0,4,0,94,'',3,'1',3),(579,'Rhythm','ABCEvent','null',0,4,4,0,'Ventricular Tachycardia (VT)',3,'1',3),(580,'HR','ABCEvent','null',0,4,4,180,'',3,'1',3),(581,'EMD_PEA','ABCEvent','null',0,4,4,0,'off',3,'1',3),(582,'MuscularArtifact','ABCEvent','null',0,4,4,0,'off',3,'1',3),(583,'ElectricalArtifact','ABCEvent','null',0,4,4,0,'off',3,'1',3),(584,'Rhythm','ABCEvent','null',0,4,4,0,'Ventricular Tachycardia (VT)',3,'1',3),(585,'HR','ABCEvent','null',0,4,4,180,'',3,'1',3),(586,'EMD_PEA','ABCEvent','null',0,4,4,0,'off',3,'1',3),(587,'MuscularArtifact','ABCEvent','null',0,4,4,0,'off',3,'1',3),(588,'ElectricalArtifact','ABCEvent','null',0,4,4,0,'off',3,'1',3),(589,'Alarm','ABCEvent','null',0,4,4,0,'Alarm: ABPs LOW',2,'1',3),(590,'BreathRate','ABCEvent','null',0,4,10,30,'',3,'1',3),(591,'Alarm','ABCEvent','null',0,4,11,0,'Alarm: EXTREME TACHY',2,'1',3),(592,'Systolic','ABCEvent','null',0,4,11,80,'',3,'1',3),(593,'Diastolic','ABCEvent','null',0,4,11,40,'',3,'1',3),(594,'HR','ABCEvent','null',0,4,12,167,'',3,'1',3),(595,'SpO2','ABCEvent','null',0,4,12,82,'',3,'1',3),(596,'Alarm','ABCEvent','null',0,4,13,0,'Alarm: TACHY (Pulse)',2,'1',3),(597,'ABCEvent','ABCEvent','null',0,4,25,0,'BEST recommendation for Cardioversion',2,'1',3),(598,'DCComment','ABCEvent','null',0,4,25,0,'				',1,'1',3),(599,'DCEvent','ABCEvent','null',0,4,25,0,'				',1,'1',3),(600,'DCCorrect','ABCEvent','null',0,4,25,0,'true',1,'1',3),(601,'DCGrade','ABCEvent','null',0,4,25,2,'',1,'1',3),(602,'DCGradeDescription','ABCEvent','null',0,4,25,0,'				',1,'1',3),(603,'ABCEvent','ABCEvent','null',0,4,31,0,'UPDATED VITALS FOR DISCHARGE',2,'1',3),(604,'Rhythm','ABCEvent','null',0,4,31,0,'Sinus Rhythm',3,'1',3),(605,'HR','ABCEvent','null',0,4,31,77,'',3,'1',3),(606,'EMD_PEA','ABCEvent','null',0,4,31,0,'off',3,'1',3),(607,'MuscularArtifact','ABCEvent','null',0,4,31,0,'off',3,'1',3),(608,'ElectricalArtifact','ABCEvent','null',0,4,31,0,'off',3,'1',3),(609,'Rhythm','ABCEvent','null',0,4,31,0,'Sinus Rhythm',3,'1',3),(610,'HR','ABCEvent','null',0,4,31,77,'',3,'1',3),(611,'EMD_PEA','ABCEvent','null',0,4,31,0,'off',3,'1',3),(612,'MuscularArtifact','ABCEvent','null',0,4,31,0,'off',3,'1',3),(613,'ElectricalArtifact','ABCEvent','null',0,4,31,0,'off',3,'1',3),(614,'BreathRate','ABCEvent','null',0,4,37,12,'',3,'1',3),(615,'Systolic','ABCEvent','null',0,4,38,126,'',3,'1',3),(616,'Diastolic','ABCEvent','null',0,4,38,84,'',3,'1',3),(617,'HR','ABCEvent','null',0,4,39,97,'',3,'1',3),(618,'HR','ABCEvent','null',0,4,46,75,'',3,'1',3),(619,'SpO2','ABCEvent','null',0,4,55,96,'',3,'1',3),(620,'HR','vitalssummary','null',0,5,0,77,'',3,'1',3),(621,'Systolic','vitalssummary','null',0,5,0,126,'',3,'1',3),(622,'Diastolic','vitalssummary','null',0,5,0,84,'',3,'1',3),(623,'SpO2','vitalssummary','null',0,5,0,96,'',3,'1',3),(624,'HR','vitalssummary','null',0,6,0,75,'',3,'1',3),(625,'Systolic','vitalssummary','null',0,6,0,126,'',3,'1',3),(626,'Diastolic','vitalssummary','null',0,6,0,84,'',3,'1',3),(627,'SpO2','vitalssummary','null',0,6,0,96,'',3,'1',3),(628,'HR','vitalssummary','null',0,7,0,76,'',3,'1',3),(629,'Systolic','vitalssummary','null',0,7,0,126,'',3,'1',3),(630,'Diastolic','vitalssummary','null',0,7,0,84,'',3,'1',3),(631,'SpO2','vitalssummary','null',0,7,0,96,'',3,'1',3),(632,'HR','vitalssummary','null',0,8,0,76,'',3,'1',3),(633,'Systolic','vitalssummary','null',0,8,0,126,'',3,'1',3),(634,'Diastolic','vitalssummary','null',0,8,0,84,'',3,'1',3),(635,'SpO2','vitalssummary','null',0,8,0,96,'',3,'1',3),(636,'HR','vitalssummary','null',0,9,0,75,'',3,'1',3),(637,'Systolic','vitalssummary','null',0,9,0,126,'',3,'1',3),(638,'Diastolic','vitalssummary','null',0,9,0,84,'',3,'1',3),(639,'SpO2','vitalssummary','null',0,9,0,98,'',3,'1',3),(640,'HR','vitalssummary','null',0,10,0,75,'',3,'1',3),(641,'Systolic','vitalssummary','null',0,10,0,126,'',3,'1',3),(642,'Diastolic','vitalssummary','null',0,10,0,84,'',3,'1',3),(643,'SpO2','vitalssummary','null',0,10,0,98,'',3,'1',3),(644,'HR','vitalssummary','null',0,11,0,78,'',3,'1',3),(645,'Systolic','vitalssummary','null',0,11,0,126,'',3,'1',3),(646,'Diastolic','vitalssummary','null',0,11,0,84,'',3,'1',3),(647,'SpO2','vitalssummary','null',0,11,0,98,'',3,'1',3),(648,'DCComment','ABCEvent','null',0,11,10,0,'				',1,'1',3),(649,'DCEvent','ABCEvent','null',0,11,10,0,'				',1,'1',3),(650,'DCCorrect','ABCEvent','null',0,11,10,0,'true',1,'1',3),(651,'DCGrade','ABCEvent','null',0,11,10,2,'',1,'1',3),(652,'DCGradeDescription','ABCEvent','null',0,11,10,0,'				',1,'1',3),(653,'ABCEvent','ABCEvent','null',0,11,22,0,'BEST recommendations for anticoagulation at d',2,'1',3),(654,'DCComment','ABCEvent','null',0,11,22,0,'				',1,'1',3),(655,'DCEvent','ABCEvent','null',0,11,22,0,'				',1,'1',3),(656,'DCCorrect','ABCEvent','null',0,11,22,0,'true',1,'1',3),(657,'DCGrade','ABCEvent','null',0,11,22,2,'',1,'1',3),(658,'DCGradeDescription','ABCEvent','null',0,11,22,0,'				',1,'1',3),(659,'HR','vitalssummary','null',0,12,0,76,'',3,'1',3),(660,'Systolic','vitalssummary','null',0,12,0,126,'',3,'1',3),(661,'Diastolic','vitalssummary','null',0,12,0,84,'',3,'1',3),(662,'SpO2','vitalssummary','null',0,12,0,98,'',3,'1',3),(663,'DCComment','ABCEvent','null',0,12,59,0,'				',1,'1',3),(664,'DCEvent','ABCEvent','null',0,12,59,0,'				',1,'1',3),(665,'DCCorrect','ABCEvent','null',0,12,59,0,'true',1,'1',3),(666,'DCGrade','ABCEvent','null',0,12,59,2,'',1,'1',3),(667,'DCGradeDescription','ABCEvent','null',0,12,59,0,'				',1,'1',3),(668,'HR','vitalssummary','null',0,13,0,76,'',3,'1',3),(669,'Systolic','vitalssummary','null',0,13,0,126,'',3,'1',3),(670,'Diastolic','vitalssummary','null',0,13,0,84,'',3,'1',3),(671,'SpO2','vitalssummary','null',0,13,0,98,'',3,'1',3),(672,'HR','vitalssummary','null',0,14,0,76,'',3,'1',3),(673,'Systolic','vitalssummary','null',0,14,0,126,'',3,'1',3),(674,'Diastolic','vitalssummary','null',0,14,0,84,'',3,'1',3),(675,'SpO2','vitalssummary','null',0,14,0,98,'',3,'1',3),(676,'DCComment','ABCEvent','null',0,14,23,0,'				',1,'1',3),(677,'DCEvent','ABCEvent','null',0,14,23,0,'				',1,'1',3),(678,'DCCorrect','ABCEvent','null',0,14,23,0,'false',1,'1',3),(679,'HR','vitalssummary','null',0,15,0,76,'',3,'1',3),(680,'Systolic','vitalssummary','null',0,15,0,126,'',3,'1',3),(681,'Diastolic','vitalssummary','null',0,15,0,84,'',3,'1',3),(682,'SpO2','vitalssummary','null',0,15,0,98,'',3,'1',3),(683,'DCComment','ABCEvent','null',0,15,31,0,'				',1,'1',3),(684,'DCEvent','ABCEvent','null',0,15,31,0,'				',1,'1',3),(685,'DCCorrect','ABCEvent','null',0,15,31,0,'true',1,'1',3),(686,'DCGrade','ABCEvent','null',0,15,31,2,'',1,'1',3),(687,'DCGradeDescription','ABCEvent','null',0,15,31,0,'				',1,'1',3),(688,'ABCEvent','ABCEvent','null',0,15,32,0,'BEST discharge recommendation for DM',2,'1',3),(689,'DCComment','ABCEvent','null',0,15,32,0,'				',1,'1',3),(690,'DCEvent','ABCEvent','null',0,15,32,0,'				',1,'1',3),(691,'DCCorrect','ABCEvent','null',0,15,32,0,'true',1,'1',3),(692,'DCGrade','ABCEvent','null',0,15,32,2,'',1,'1',3),(693,'DCGradeDescription','ABCEvent','null',0,15,32,0,'				',1,'1',3),(694,'HR','vitalssummary','null',0,16,0,75,'',3,'1',3),(695,'Systolic','vitalssummary','null',0,16,0,126,'',3,'1',3),(696,'Diastolic','vitalssummary','null',0,16,0,84,'',3,'1',3),(697,'SpO2','vitalssummary','null',0,16,0,98,'',3,'1',3),(698,'HR','vitalssummary','null',0,17,0,77,'',3,'1',3),(699,'Systolic','vitalssummary','null',0,17,0,126,'',3,'1',3),(700,'Diastolic','vitalssummary','null',0,17,0,84,'',3,'1',3),(701,'SpO2','vitalssummary','null',0,17,0,98,'',3,'1',3),(702,'HR','vitalssummary','null',0,18,0,77,'',3,'1',3),(703,'Systolic','vitalssummary','null',0,18,0,126,'',3,'1',3),(704,'Diastolic','vitalssummary','null',0,18,0,84,'',3,'1',3),(705,'SpO2','vitalssummary','null',0,18,0,98,'',3,'1',3),(706,'HR','vitalssummary','null',0,19,0,76,'',3,'1',3),(707,'Systolic','vitalssummary','null',0,19,0,126,'',3,'1',3),(708,'Diastolic','vitalssummary','null',0,19,0,84,'',3,'1',3),(709,'SpO2','vitalssummary','null',0,19,0,98,'',3,'1',3),(710,'ScenarioStop','logElement','null',0,19,18,0,'',3,'1',3),(711,'HR','initialState','null',0,0,0,140,'',3,'1',4),(712,'Systolic','initialState','null',0,0,0,115,'',3,'1',4),(713,'Diastolic','initialState','null',0,0,0,50,'',3,'1',4),(714,'SpO2','initialState','null',0,0,0,85,'',3,'1',4),(715,'shocksForLife','initialState','null',0,0,0,0,'Shocks to conversion =  1',3,'1',4),(716,'pulseStrengthFemoralis','initialState','null',0,0,0,0,'Central pulses. Pulse strength = normal',3,'1',4),(717,'pulseStrengthBrachialis','initialState','null',0,0,0,0,'Pulse strength = normal',3,'1',4),(718,'pulseStrengthRadialis','initialState','null',0,0,0,0,'Pulse radialis/brachialis. Pulse strength = n',3,'1',4),(719,'CO','initialState','null',0,0,0,0,'5.6',3,'1',4),(720,'FIN2O','initialState','null',0,0,0,0,'',3,'1',4),(721,'ETN2O','initialState','null',0,0,0,0,'',3,'1',4),(722,'FIAnes','initialState','null',0,0,0,0,'0.0',3,'1',4),(723,'ETAnes','initialState','null',0,0,0,0,'0.0',3,'1',4),(724,'FIENF','initialState','null',0,0,0,0,'0.0',3,'1',4),(725,'ETENF','initialState','null',0,0,0,0,'0.0',3,'1',4),(726,'FIDES','initialState','null',0,0,0,0,'0.0',3,'1',4),(727,'ETDES','initialState','null',0,0,0,0,'0.0',3,'1',4),(728,'FIHAL','initialState','null',0,0,0,0,'0.0',3,'1',4),(729,'ETHAL','initialState','null',0,0,0,0,'0.0',3,'1',4),(730,'FIISO','initialState','null',0,0,0,0,'0.0',3,'1',4),(731,'ETISO','initialState','null',0,0,0,0,'0.0',3,'1',4),(732,'FISEV','initialState','null',0,0,0,0,'0.0',3,'1',4),(733,'ETSEV','initialState','null',0,0,0,0,'0.0',3,'1',4),(734,'TO4','initialState','null',0,0,0,4,'',3,'1',4),(735,'TO4FR','initialState','null',0,0,0,100,'',3,'1',4),(736,'AuscultationGap','initialState','null',0,0,0,0,'off',3,'1',4),(737,'airwayElement','initialState','null',0,0,0,0,'					',3,'1',4),(738,'airwayElement','initialState','null',0,0,0,0,'					',3,'1',4),(739,'airwayElement','initialState','null',0,0,0,0,'					',3,'1',4),(740,'airwayElement','initialState','null',0,0,0,0,'					',3,'1',4),(741,'airwayElement','initialState','null',0,0,0,0,'					',3,'1',4),(742,'airwayElement','initialState','null',0,0,0,0,'					',3,'1',4),(743,'airwayElement','initialState','null',0,0,0,0,'					',3,'1',4),(744,'airwayElement','initialState','null',0,0,0,0,'					',3,'1',4),(745,'airwayElement','initialState','null',0,0,0,0,'					',3,'1',4),(746,'airwayElement','initialState','null',0,0,0,0,'					',3,'1',4),(747,'airwayElement','initialState','null',0,0,0,0,'					',3,'1',4),(748,'HandlerStart','logElement','null',0,0,0,0,'Pharm 5216 Dysrhythmias 2015',4,'1',4),(749,'HR','vitalssummary','null',0,0,0,140,'',3,'1',4),(750,'Systolic','vitalssummary','null',0,0,0,115,'',3,'1',4),(751,'Diastolic','vitalssummary','null',0,0,0,50,'',3,'1',4),(752,'SpO2','vitalssummary','null',0,0,0,85,'',3,'1',4),(753,'HR','vitalssummary','null',0,1,0,140,'',3,'1',4),(754,'Systolic','vitalssummary','null',0,1,0,115,'',3,'1',4),(755,'Diastolic','vitalssummary','null',0,1,0,50,'',3,'1',4),(756,'SpO2','vitalssummary','null',0,1,0,85,'',3,'1',4),(757,'MonitorEcgLeadsAttached','logElement','null',0,1,39,0,'ECG leads attached',2,'1',4),(758,'MonitorABPSensor','logElement','null',0,1,40,0,'ABP sensor connected',2,'1',4),(759,'Alarm','logElement','null',0,1,41,0,'Alarm: Pulse HIGH',2,'1',4),(760,'Alarm','logElement','null',0,1,43,0,'Alarm: HR HIGH',2,'1',4),(761,'Alarm','logElement','null',0,1,44,0,'Alarm: SpO2 LOW',2,'1',4),(762,'SpO2Probe','logElement','null',0,1,46,0,'',2,'1',4),(763,'HR','vitalssummary','null',0,2,0,133,'',3,'1',4),(764,'Systolic','vitalssummary','null',0,2,0,115,'',3,'1',4),(765,'Diastolic','vitalssummary','null',0,2,0,50,'',3,'1',4),(766,'SpO2','vitalssummary','null',0,2,0,85,'',3,'1',4),(767,'HR','vitalssummary','null',0,3,0,140,'',3,'1',4),(768,'Systolic','vitalssummary','null',0,3,0,115,'',3,'1',4),(769,'Diastolic','vitalssummary','null',0,3,0,50,'',3,'1',4),(770,'SpO2','vitalssummary','null',0,3,0,85,'',3,'1',4),(771,'HR','vitalssummary','null',0,4,0,139,'',3,'1',4),(772,'Systolic','vitalssummary','null',0,4,0,115,'',3,'1',4),(773,'Diastolic','vitalssummary','null',0,4,0,50,'',3,'1',4),(774,'SpO2','vitalssummary','null',0,4,0,85,'',3,'1',4),(775,'HR','vitalssummary','null',0,5,0,140,'',3,'1',4),(776,'Systolic','vitalssummary','null',0,5,0,115,'',3,'1',4),(777,'Diastolic','vitalssummary','null',0,5,0,50,'',3,'1',4),(778,'SpO2','vitalssummary','null',0,5,0,85,'',3,'1',4),(779,'HR','vitalssummary','null',0,6,0,136,'',3,'1',4),(780,'Systolic','vitalssummary','null',0,6,0,115,'',3,'1',4),(781,'Diastolic','vitalssummary','null',0,6,0,50,'',3,'1',4),(782,'SpO2','vitalssummary','null',0,6,0,85,'',3,'1',4),(783,'HR','vitalssummary','null',0,7,0,139,'',3,'1',4),(784,'Systolic','vitalssummary','null',0,7,0,115,'',3,'1',4),(785,'Diastolic','vitalssummary','null',0,7,0,50,'',3,'1',4),(786,'SpO2','vitalssummary','null',0,7,0,85,'',3,'1',4),(787,'HR','vitalssummary','null',0,8,0,137,'',3,'1',4),(788,'Systolic','vitalssummary','null',0,8,0,115,'',3,'1',4),(789,'Diastolic','vitalssummary','null',0,8,0,50,'',3,'1',4),(790,'SpO2','vitalssummary','null',0,8,0,85,'',3,'1',4),(791,'HR','vitalssummary','null',0,9,0,137,'',3,'1',4),(792,'Systolic','vitalssummary','null',0,9,0,115,'',3,'1',4),(793,'Diastolic','vitalssummary','null',0,9,0,50,'',3,'1',4),(794,'SpO2','vitalssummary','null',0,9,0,85,'',3,'1',4),(795,'DCComment','ABCEvent','null',0,9,26,0,'				',1,'1',4),(796,'DCEvent','ABCEvent','null',0,9,26,0,'				',1,'1',4),(797,'DCCorrect','ABCEvent','null',0,9,26,0,'true',1,'1',4),(798,'DCGrade','ABCEvent','null',0,9,26,2,'',1,'1',4),(799,'DCGradeDescription','ABCEvent','null',0,9,26,0,'				',1,'1',4),(800,'ABCEvent','ABCEvent','null',0,9,29,0,'BEST recommendation for rhythm control',2,'1',4),(801,'DCComment','ABCEvent','null',0,9,29,0,'				',1,'1',4),(802,'DCEvent','ABCEvent','null',0,9,29,0,'				',1,'1',4),(803,'DCCorrect','ABCEvent','null',0,9,29,0,'true',1,'1',4),(804,'DCGrade','ABCEvent','null',0,9,29,2,'',1,'1',4),(805,'DCGradeDescription','ABCEvent','null',0,9,29,0,'				',1,'1',4),(806,'ABCEvent','ABCEvent','null',0,9,34,0,'BEST recommendation for anticoagulation',2,'1',4),(807,'DCComment','ABCEvent','null',0,9,34,0,'				',1,'1',4),(808,'DCEvent','ABCEvent','null',0,9,34,0,'				',1,'1',4),(809,'DCCorrect','ABCEvent','null',0,9,34,0,'true',1,'1',4),(810,'DCGrade','ABCEvent','null',0,9,34,2,'',1,'1',4),(811,'DCGradeDescription','ABCEvent','null',0,9,34,0,'				',1,'1',4),(812,'HR','vitalssummary','null',0,10,0,137,'',3,'1',4),(813,'Systolic','vitalssummary','null',0,10,0,115,'',3,'1',4),(814,'Diastolic','vitalssummary','null',0,10,0,50,'',3,'1',4),(815,'SpO2','vitalssummary','null',0,10,0,85,'',3,'1',4),(816,'Rhythm','ABCEvent','null',0,10,4,0,'Ventricular Tachycardia (VT)',3,'1',4),(817,'HR','ABCEvent','null',0,10,4,180,'',3,'1',4),(818,'EMD_PEA','ABCEvent','null',0,10,4,0,'off',3,'1',4),(819,'MuscularArtifact','ABCEvent','null',0,10,4,0,'off',3,'1',4),(820,'ElectricalArtifact','ABCEvent','null',0,10,4,0,'off',3,'1',4),(821,'Rhythm','ABCEvent','null',0,10,4,0,'Ventricular Tachycardia (VT)',3,'1',4),(822,'HR','ABCEvent','null',0,10,4,180,'',3,'1',4),(823,'EMD_PEA','ABCEvent','null',0,10,4,0,'off',3,'1',4),(824,'MuscularArtifact','ABCEvent','null',0,10,4,0,'off',3,'1',4),(825,'ElectricalArtifact','ABCEvent','null',0,10,4,0,'off',3,'1',4),(826,'Alarm','ABCEvent','null',0,10,4,0,'Alarm: ABPs LOW',2,'1',4),(827,'Alarm','ABCEvent','null',0,10,9,0,'Alarm: EXTREME TACHY',2,'1',4),(828,'Alarm','ABCEvent','null',0,10,9,0,'Alarm: TACHY (Pulse)',2,'1',4),(829,'BreathRate','ABCEvent','null',0,10,10,30,'',3,'1',4),(830,'Systolic','ABCEvent','null',0,10,11,80,'',3,'1',4),(831,'Diastolic','ABCEvent','null',0,10,11,40,'',3,'1',4),(832,'HR','ABCEvent','null',0,10,13,178,'',3,'1',4),(833,'HR','vitalssummary','null',0,11,0,183,'',3,'1',4),(834,'Systolic','vitalssummary','null',0,11,0,80,'',3,'1',4),(835,'Diastolic','vitalssummary','null',0,11,0,40,'',3,'1',4),(836,'SpO2','vitalssummary','null',0,11,0,82,'',3,'1',4),(837,'HR','vitalssummary','null',0,12,0,179,'',3,'1',4),(838,'Systolic','vitalssummary','null',0,12,0,80,'',3,'1',4),(839,'Diastolic','vitalssummary','null',0,12,0,40,'',3,'1',4),(840,'SpO2','vitalssummary','null',0,12,0,82,'',3,'1',4),(841,'DCComment','ABCEvent','null',0,12,31,0,'				',1,'1',4),(842,'DCEvent','ABCEvent','null',0,12,31,0,'				',1,'1',4),(843,'DCCorrect','ABCEvent','null',0,12,31,0,'true',1,'1',4),(844,'DCGrade','ABCEvent','null',0,12,31,2,'',1,'1',4),(845,'DCGradeDescription','ABCEvent','null',0,12,31,0,'				',1,'1',4),(846,'ABCEvent','ABCEvent','null',0,12,35,0,'UPDATED VITALS FOR DISCHARGE',2,'1',4),(847,'Rhythm','ABCEvent','null',0,12,35,0,'Sinus Rhythm',3,'1',4),(848,'HR','ABCEvent','null',0,12,35,77,'',3,'1',4),(849,'EMD_PEA','ABCEvent','null',0,12,35,0,'off',3,'1',4),(850,'MuscularArtifact','ABCEvent','null',0,12,35,0,'off',3,'1',4),(851,'ElectricalArtifact','ABCEvent','null',0,12,35,0,'off',3,'1',4),(852,'Rhythm','ABCEvent','null',0,12,35,0,'Sinus Rhythm',3,'1',4),(853,'HR','ABCEvent','null',0,12,35,77,'',3,'1',4),(854,'EMD_PEA','ABCEvent','null',0,12,35,0,'off',3,'1',4),(855,'MuscularArtifact','ABCEvent','null',0,12,35,0,'off',3,'1',4),(856,'ElectricalArtifact','ABCEvent','null',0,12,35,0,'off',3,'1',4),(857,'BreathRate','ABCEvent','null',0,12,41,12,'',3,'1',4),(858,'Systolic','ABCEvent','null',0,12,42,126,'',3,'1',4),(859,'Diastolic','ABCEvent','null',0,12,42,84,'',3,'1',4),(860,'SpO2','ABCEvent','null',0,12,45,97,'',3,'1',4),(861,'HR','ABCEvent','null',0,12,49,76,'',3,'1',4),(862,'HR','vitalssummary','null',0,13,0,76,'',3,'1',4),(863,'Systolic','vitalssummary','null',0,13,0,126,'',3,'1',4),(864,'Diastolic','vitalssummary','null',0,13,0,84,'',3,'1',4),(865,'SpO2','vitalssummary','null',0,13,0,97,'',3,'1',4),(866,'HR','vitalssummary','null',0,14,0,76,'',3,'1',4),(867,'Systolic','vitalssummary','null',0,14,0,126,'',3,'1',4),(868,'Diastolic','vitalssummary','null',0,14,0,84,'',3,'1',4),(869,'SpO2','vitalssummary','null',0,14,0,97,'',3,'1',4),(870,'DCComment','ABCEvent','null',0,14,27,0,'				',1,'1',4),(871,'DCEvent','ABCEvent','null',0,14,27,0,'				',1,'1',4),(872,'DCCorrect','ABCEvent','null',0,14,27,0,'true',1,'1',4),(873,'DCGrade','ABCEvent','null',0,14,27,2,'',1,'1',4),(874,'DCGradeDescription','ABCEvent','null',0,14,27,0,'				',1,'1',4),(875,'HR','vitalssummary','null',0,15,0,75,'',3,'1',4),(876,'Systolic','vitalssummary','null',0,15,0,126,'',3,'1',4),(877,'Diastolic','vitalssummary','null',0,15,0,84,'',3,'1',4),(878,'SpO2','vitalssummary','null',0,15,0,97,'',3,'1',4),(879,'DCComment','ABCEvent','null',0,15,27,0,'				',1,'1',4),(880,'DCEvent','ABCEvent','null',0,15,27,0,'				',1,'1',4),(881,'DCCorrect','ABCEvent','null',0,15,27,0,'true',1,'1',4),(882,'DCGrade','ABCEvent','null',0,15,27,2,'',1,'1',4),(883,'DCGradeDescription','ABCEvent','null',0,15,27,0,'				',1,'1',4),(884,'HR','vitalssummary','null',0,16,0,75,'',3,'1',4),(885,'Systolic','vitalssummary','null',0,16,0,126,'',3,'1',4),(886,'Diastolic','vitalssummary','null',0,16,0,84,'',3,'1',4),(887,'SpO2','vitalssummary','null',0,16,0,97,'',3,'1',4),(888,'HR','vitalssummary','null',0,17,0,77,'',3,'1',4),(889,'Systolic','vitalssummary','null',0,17,0,126,'',3,'1',4),(890,'Diastolic','vitalssummary','null',0,17,0,84,'',3,'1',4),(891,'SpO2','vitalssummary','null',0,17,0,97,'',3,'1',4),(892,'HR','vitalssummary','null',0,18,0,76,'',3,'1',4),(893,'Systolic','vitalssummary','null',0,18,0,126,'',3,'1',4),(894,'Diastolic','vitalssummary','null',0,18,0,84,'',3,'1',4),(895,'SpO2','vitalssummary','null',0,18,0,97,'',3,'1',4),(896,'HR','vitalssummary','null',0,19,0,76,'',3,'1',4),(897,'Systolic','vitalssummary','null',0,19,0,126,'',3,'1',4),(898,'Diastolic','vitalssummary','null',0,19,0,84,'',3,'1',4),(899,'SpO2','vitalssummary','null',0,19,0,97,'',3,'1',4),(900,'HR','vitalssummary','null',0,20,0,77,'',3,'1',4),(901,'Systolic','vitalssummary','null',0,20,0,126,'',3,'1',4),(902,'Diastolic','vitalssummary','null',0,20,0,84,'',3,'1',4),(903,'SpO2','vitalssummary','null',0,20,0,97,'',3,'1',4),(904,'DCComment','ABCEvent','null',0,20,54,0,'				',1,'1',4),(905,'DCEvent','ABCEvent','null',0,20,54,0,'				',1,'1',4),(906,'DCCorrect','ABCEvent','null',0,20,54,0,'NA',1,'1',4),(907,'DCGrade','ABCEvent','null',0,20,54,1,'',1,'1',4),(908,'DCGradeDescription','ABCEvent','null',0,20,54,0,'				',1,'1',4),(909,'HR','vitalssummary','null',0,21,0,75,'',3,'1',4),(910,'Systolic','vitalssummary','null',0,21,0,126,'',3,'1',4),(911,'Diastolic','vitalssummary','null',0,21,0,84,'',3,'1',4),(912,'SpO2','vitalssummary','null',0,21,0,97,'',3,'1',4),(913,'DCComment','ABCEvent','null',0,21,56,0,'				',1,'1',4),(914,'DCEvent','ABCEvent','null',0,21,56,0,'				',1,'1',4),(915,'DCCorrect','ABCEvent','null',0,21,56,0,'true',1,'1',4),(916,'DCGrade','ABCEvent','null',0,21,56,2,'',1,'1',4),(917,'DCGradeDescription','ABCEvent','null',0,21,56,0,'				',1,'1',4),(918,'HR','vitalssummary','null',0,22,0,75,'',3,'1',4),(919,'Systolic','vitalssummary','null',0,22,0,126,'',3,'1',4),(920,'Diastolic','vitalssummary','null',0,22,0,84,'',3,'1',4),(921,'SpO2','vitalssummary','null',0,22,0,97,'',3,'1',4),(922,'DCComment','ABCEvent','null',0,22,35,0,'				',1,'1',4),(923,'DCEvent','ABCEvent','null',0,22,35,0,'				',1,'1',4),(924,'DCCorrect','ABCEvent','null',0,22,35,0,'true',1,'1',4),(925,'DCGrade','ABCEvent','null',0,22,35,2,'',1,'1',4),(926,'DCGradeDescription','ABCEvent','null',0,22,35,0,'				',1,'1',4),(927,'ABCEvent','ABCEvent','null',0,22,36,0,'BEST discharge recommendation for DM',2,'1',4),(928,'DCComment','ABCEvent','null',0,22,36,0,'				',1,'1',4),(929,'DCEvent','ABCEvent','null',0,22,36,0,'				',1,'1',4),(930,'DCCorrect','ABCEvent','null',0,22,36,0,'true',1,'1',4),(931,'DCGrade','ABCEvent','null',0,22,36,2,'',1,'1',4),(932,'DCGradeDescription','ABCEvent','null',0,22,36,0,'				',1,'1',4),(933,'HR','vitalssummary','null',0,23,0,77,'',3,'1',4),(934,'Systolic','vitalssummary','null',0,23,0,126,'',3,'1',4),(935,'Diastolic','vitalssummary','null',0,23,0,84,'',3,'1',4),(936,'SpO2','vitalssummary','null',0,23,0,97,'',3,'1',4),(937,'ScenarioStop','logElement','null',0,23,8,0,'',3,'1',4),(938,'Rhythm','initialState','ECG',0,0,0,0,'Sinus with Hyperkalemia',3,'null',5),(939,'HR','initialState','ECG',0,0,0,114,'',3,'null',5),(940,'EMD_PEA','initialState','null',0,0,0,0,'off',3,'null',5),(941,'MuscularArtifact','initialState','null',0,0,0,0,'off',3,'null',5),(942,'ElectricalArtifact','initialState','null',0,0,0,0,'off',3,'null',5),(943,'HR','initialState','null',0,0,0,114,'',3,'null',5),(944,'Systolic','initialState','null',0,0,0,130,'',3,'null',5),(945,'Diastolic','initialState','null',0,0,0,80,'',3,'null',5),(946,'SpO2','initialState','null',0,0,0,96,'',3,'null',5),(947,'shocksForLife','initialState','null',0,0,0,0,'Shocks to conversion =  1',3,'null',5),(948,'pulseStrengthFemoralis','initialState','null',0,0,0,0,'Central pulses. Pulse strength = normal',3,'null',5),(949,'pulseStrengthBrachialis','initialState','null',0,0,0,0,'Pulse strength = normal',3,'null',5),(950,'pulseStrengthRadialis','initialState','null',0,0,0,0,'Pulse radialis/brachialis. Pulse strength = n',3,'null',5),(951,'CO','initialState','null',0,0,0,0,'5.6',3,'null',5),(952,'FIN2O','initialState','null',0,0,0,0,'',3,'null',5),(953,'ETN2O','initialState','null',0,0,0,0,'',3,'null',5),(954,'FIAnes','initialState','null',0,0,0,0,'0.0',3,'null',5),(955,'ETAnes','initialState','null',0,0,0,0,'0.0',3,'null',5),(956,'FIENF','initialState','null',0,0,0,0,'0.0',3,'null',5),(957,'ETENF','initialState','null',0,0,0,0,'0.0',3,'null',5),(958,'FIDES','initialState','null',0,0,0,0,'0.0',3,'null',5),(959,'ETDES','initialState','null',0,0,0,0,'0.0',3,'null',5),(960,'FIHAL','initialState','null',0,0,0,0,'0.0',3,'null',5),(961,'ETHAL','initialState','null',0,0,0,0,'0.0',3,'null',5),(962,'FIISO','initialState','null',0,0,0,0,'0.0',3,'null',5),(963,'ETISO','initialState','null',0,0,0,0,'0.0',3,'null',5),(964,'FISEV','initialState','null',0,0,0,0,'0.0',3,'null',5),(965,'ETSEV','initialState','null',0,0,0,0,'0.0',3,'null',5),(966,'TO4','initialState','null',0,0,0,4,'',3,'null',5),(967,'TO4FR','initialState','null',0,0,0,100,'',3,'null',5),(968,'AuscultationGap','initialState','null',0,0,0,0,'off',3,'null',5),(969,'airwayElement','initialState','null',0,0,0,0,'					',3,'null',5),(970,'airwayElement','initialState','null',0,0,0,0,'					',3,'null',5),(971,'airwayElement','initialState','null',0,0,0,0,'					',3,'null',5),(972,'airwayElement','initialState','null',0,0,0,0,'					',3,'null',5),(973,'airwayElement','initialState','null',0,0,0,0,'					',3,'null',5),(974,'airwayElement','initialState','null',0,0,0,0,'					',3,'null',5),(975,'airwayElement','initialState','null',0,0,0,0,'					',3,'null',5),(976,'airwayElement','initialState','null',0,0,0,0,'					',3,'null',5),(977,'airwayElement','initialState','null',0,0,0,0,'					',3,'null',5),(978,'airwayElement','initialState','null',0,0,0,0,'					',3,'null',5),(979,'airwayElement','initialState','null',0,0,0,0,'					',3,'null',5),(980,'HandlerStart','logElement','null',0,0,0,0,'CXR ECG Ventilation Handler',4,'null',5),(981,'HR','vitalssummary','null',0,0,0,114,'',3,'null',5),(982,'Systolic','vitalssummary','null',0,0,0,130,'',3,'null',5),(983,'Diastolic','vitalssummary','null',0,0,0,80,'',3,'null',5),(984,'SpO2','vitalssummary','null',0,0,0,96,'',3,'null',5),(985,'Frame','ABCEvent','null',0,0,8,0,'Frame: Start',4,'null',5),(986,'HandlerStart','ABCEvent','null',0,0,8,0,'PACU timer',4,'null',5),(987,'ABCEvent','ABCEvent','null',0,0,9,0,'Assisted ventilation',2,'null',5),(988,'TrendStart','ABCEvent','null',0,0,9,0,'Assisted ventilation',4,'null',5),(989,'MiscEvent','ABCEvent','null',0,0,10,0,'Orders Chest XRay',2,'null',5),(990,'MiscEvent','ABCEvent','null',0,0,11,0,'Orders ECG',2,'null',5),(991,'DCComment','ABCEvent','null',0,0,11,0,'				',1,'null',5),(992,'DCEvent','ABCEvent','null',0,0,11,0,'				',1,'null',5),(993,'DCCorrect','ABCEvent','null',0,0,11,0,'NA',1,'null',5),(994,'MedicEvent','ABCEvent','null',0,0,12,0,'Sux',2,'null',5),(995,'Frame','ABCEvent','null',0,0,12,0,'Frame: Sux given',4,'null',5),(996,'Rhythm','ABCEvent','null',0,0,12,0,'Sinus with Hyperkalemia',3,'null',5),(997,'HR','ABCEvent','null',0,0,12,114,'',3,'null',5),(998,'EMD_PEA','ABCEvent','null',0,0,12,0,'off',3,'null',5),(999,'MuscularArtifact','ABCEvent','null',0,0,12,0,'off',3,'null',5),(1000,'ElectricalArtifact','ABCEvent','null',0,0,12,0,'off',3,'null',5),(1001,'MedicEvent','ABCEvent','null',0,0,12,0,'Dantrolene',2,'null',5),(1002,'MedicEvent','ABCEvent','null',0,0,13,0,'Calcium chloride',2,'null',5),(1003,'Rhythm','ABCEvent','null',0,0,32,0,'Ventricular Tachycardia (VT)',3,'null',5),(1004,'HR','ABCEvent','null',0,0,32,180,'',3,'null',5),(1005,'EMD_PEA','ABCEvent','null',0,0,32,0,'off',3,'null',5),(1006,'MuscularArtifact','ABCEvent','null',0,0,32,0,'off',3,'null',5),(1007,'ElectricalArtifact','ABCEvent','null',0,0,32,0,'off',3,'null',5),(1008,'TrendStop','ABCEvent','null',0,0,32,0,'Assisted ventilation',4,'null',5),(1009,'HandlerStop','ABCEvent','null',0,0,32,0,'CXR ECG Ventilation Handler',4,'null',5),(1010,'HandlerStop','ABCEvent','null',0,0,32,0,'PACU timer',4,'null',5),(1011,'ScenarioHalt','ABCEvent','null',0,0,32,0,'			',3,'null',5),(1012,'ScenarioStop','ABCEvent','null',0,0,36,0,'			',3,'null',5),(1013,'Rhythm','initialState','ECG',0,0,0,0,'Atrial Fibrillation (AFib)',3,'null',6),(1014,'HR','initialState','ECG',0,0,0,80,'',3,'null',6),(1015,'EMD_PEA','initialState','null',0,0,0,0,'off',3,'null',6),(1016,'MuscularArtifact','initialState','null',0,0,0,0,'off',3,'null',6),(1017,'ElectricalArtifact','initialState','null',0,0,0,0,'off',3,'null',6),(1018,'HR','initialState','null',0,0,0,80,'',3,'null',6),(1019,'Systolic','initialState','null',0,0,0,160,'',3,'null',6),(1020,'Diastolic','initialState','null',0,0,0,90,'',3,'null',6),(1021,'SpO2','initialState','null',0,0,0,90,'',3,'null',6),(1022,'CO2','initialState','null',0,0,0,39,'',3,'null',6),(1023,'fiCO2','initialState','null',0,0,0,0,'',3,'null',6),(1024,'shocksForLife','initialState','null',0,0,0,0,'Shocks to conversion =  1',3,'null',6),(1025,'pulseStrengthFemoralis','initialState','null',0,0,0,0,'Central pulses. Pulse strength = normal',3,'null',6),(1026,'pulseStrengthBrachialis','initialState','null',0,0,0,0,'Pulse strength = normal',3,'null',6),(1027,'pulseStrengthRadialis','initialState','null',0,0,0,0,'Pulse radialis/brachialis. Pulse strength = n',3,'null',6),(1028,'CO','initialState','null',0,0,0,0,'5.6',3,'null',6),(1029,'FIN2O','initialState','null',0,0,0,0,'',3,'null',6),(1030,'ETN2O','initialState','null',0,0,0,0,'',3,'null',6),(1031,'FIAnes','initialState','null',0,0,0,0,'0.0',3,'null',6),(1032,'ETAnes','initialState','null',0,0,0,0,'0.0',3,'null',6),(1033,'FIENF','initialState','null',0,0,0,0,'0.0',3,'null',6),(1034,'ETENF','initialState','null',0,0,0,0,'0.0',3,'null',6),(1035,'FIDES','initialState','null',0,0,0,0,'0.0',3,'null',6),(1036,'ETDES','initialState','null',0,0,0,0,'0.0',3,'null',6),(1037,'FIHAL','initialState','null',0,0,0,0,'0.0',3,'null',6),(1038,'ETHAL','initialState','null',0,0,0,0,'0.0',3,'null',6),(1039,'FIISO','initialState','null',0,0,0,0,'0.0',3,'null',6),(1040,'ETISO','initialState','null',0,0,0,0,'0.0',3,'null',6),(1041,'FISEV','initialState','null',0,0,0,0,'0.0',3,'null',6),(1042,'ETSEV','initialState','null',0,0,0,0,'0.0',3,'null',6),(1043,'TO4','initialState','null',0,0,0,4,'',3,'null',6),(1044,'TO4FR','initialState','null',0,0,0,100,'',3,'null',6),(1045,'AuscultationGap','initialState','null',0,0,0,0,'off',3,'null',6),(1046,'airwayElement','initialState','null',0,0,0,0,'					',3,'null',6),(1047,'airwayElement','initialState','null',0,0,0,0,'					',3,'null',6),(1048,'airwayElement','initialState','null',0,0,0,0,'					',3,'null',6),(1049,'airwayElement','initialState','null',0,0,0,0,'					',3,'null',6),(1050,'airwayElement','initialState','null',0,0,0,0,'					',3,'null',6),(1051,'airwayElement','initialState','null',0,0,0,0,'					',3,'null',6),(1052,'airwayElement','initialState','null',0,0,0,0,'					',3,'null',6),(1053,'airwayElement','initialState','null',0,0,0,0,'					',3,'null',6),(1054,'airwayElement','initialState','null',0,0,0,0,'					',3,'null',6),(1055,'airwayElement','initialState','null',0,0,0,0,'					',3,'null',6),(1056,'airwayElement','initialState','null',0,0,0,0,'					',3,'null',6),(1057,'HandlerStart','logElement','null',0,0,0,0,'Vent and pressor events',4,'null',6),(1058,'HR','vitalssummary','null',0,0,0,80,'',3,'null',6),(1059,'Systolic','vitalssummary','null',0,0,0,160,'',3,'null',6),(1060,'Diastolic','vitalssummary','null',0,0,0,90,'',3,'null',6),(1061,'SpO2','vitalssummary','null',0,0,0,90,'',3,'null',6),(1062,'CO2','vitalssummary','null',0,0,0,39,'',3,'null',6),(1063,'TrendStart','ABCEvent','null',0,0,12,0,'Assisted vent',4,'null',6),(1064,'MiscEvent','ABCEvent','null',0,0,13,0,'Hot Seat Participant Enters Room',2,'null',6),(1065,'Frame','ABCEvent','null',0,0,13,0,'Frame: Baseline/Initial presentation 0-4 minu',4,'null',6),(1066,'Rhythm','ABCEvent','null',0,0,13,0,'Atrial Fibrillation (AFib)',3,'null',6),(1067,'HR','ABCEvent','null',0,0,13,80,'',3,'null',6),(1068,'EMD_PEA','ABCEvent','null',0,0,13,0,'off',3,'null',6),(1069,'MuscularArtifact','ABCEvent','null',0,0,13,0,'off',3,'null',6),(1070,'ElectricalArtifact','ABCEvent','null',0,0,13,0,'off',3,'null',6),(1071,'DCComment','ABCEvent','null',0,0,13,0,'				',1,'null',6),(1072,'DCEvent','ABCEvent','null',0,0,13,0,'				',1,'null',6),(1073,'DCCorrect','ABCEvent','null',0,0,13,0,'NA',1,'null',6),(1074,'MiscEvent','ABCEvent','null',0,0,15,0,'Shock',2,'null',6),(1075,'MedicEvent','ABCEvent','null',0,0,16,0,'Lipid emulsion',2,'null',6),(1076,'MedicEvent','ABCEvent','null',0,0,16,0,'Pressor',2,'null',6),(1077,'TrendStart','ABCEvent','null',0,0,16,0,'Pressor response',4,'null',6),(1078,'MedicEvent','ABCEvent','null',0,0,17,0,'Sedative',2,'null',6),(1079,'TrendStart','ABCEvent','null',0,0,17,0,'Apnea',4,'null',6),(1080,'TrendStop','ABCEvent','null',0,0,25,0,'Assisted vent',4,'null',6),(1081,'TrendStop','ABCEvent','null',0,0,25,0,'Pressor response',4,'null',6),(1082,'TrendStop','ABCEvent','null',0,0,25,0,'Apnea',4,'null',6),(1083,'HandlerStop','ABCEvent','null',0,0,25,0,'Vent and pressor events',4,'null',6),(1084,'ScenarioHalt','ABCEvent','null',0,0,25,0,'			',3,'null',6),(1085,'ScenarioStop','ABCEvent','null',0,0,26,0,'			',3,'null',6),(1086,'Rhythm','initialState','ECG',0,0,0,0,'Sinus Rhythm',3,'null',7),(1087,'HR','initialState','ECG',0,0,0,70,'',3,'null',7),(1088,'EMD_PEA','initialState','null',0,0,0,0,'off',3,'null',7),(1089,'MuscularArtifact','initialState','null',0,0,0,0,'off',3,'null',7),(1090,'ElectricalArtifact','initialState','null',0,0,0,0,'off',3,'null',7),(1091,'HR','initialState','null',0,0,0,70,'',3,'null',7),(1092,'Systolic','initialState','null',0,0,0,110,'',3,'null',7),(1093,'Diastolic','initialState','null',0,0,0,60,'',3,'null',7),(1094,'SpO2','initialState','null',0,0,0,99,'',3,'null',7),(1095,'CO2','initialState','null',0,0,0,32,'',3,'null',7),(1096,'fiCO2','initialState','null',0,0,0,0,'',3,'null',7),(1097,'shocksForLife','initialState','null',0,0,0,0,'Shocks to conversion =  1',3,'null',7),(1098,'pulseStrengthFemoralis','initialState','null',0,0,0,0,'Central pulses. Pulse strength = normal',3,'null',7),(1099,'pulseStrengthBrachialis','initialState','null',0,0,0,0,'Pulse strength = normal',3,'null',7),(1100,'pulseStrengthRadialis','initialState','null',0,0,0,0,'Pulse radialis/brachialis. Pulse strength = n',3,'null',7),(1101,'CO','initialState','null',0,0,0,0,'5.6',3,'null',7),(1102,'FIN2O','initialState','null',0,0,0,0,'',3,'null',7),(1103,'ETN2O','initialState','null',0,0,0,0,'',3,'null',7),(1104,'FIAnes','initialState','null',0,0,0,0,'1.3',3,'null',7),(1105,'ETAnes','initialState','null',0,0,0,0,'0.9',3,'null',7),(1106,'FIENF','initialState','null',0,0,0,0,'0.0',3,'null',7),(1107,'ETENF','initialState','null',0,0,0,0,'0.0',3,'null',7),(1108,'FIDES','initialState','null',0,0,0,0,'0.0',3,'null',7),(1109,'ETDES','initialState','null',0,0,0,0,'0.0',3,'null',7),(1110,'FIHAL','initialState','null',0,0,0,0,'0.0',3,'null',7),(1111,'ETHAL','initialState','null',0,0,0,0,'0.0',3,'null',7),(1112,'FIISO','initialState','null',0,0,0,0,'0.0',3,'null',7),(1113,'ETISO','initialState','null',0,0,0,0,'0.0',3,'null',7),(1114,'FISEV','initialState','null',0,0,0,0,'0.0',3,'null',7),(1115,'ETSEV','initialState','null',0,0,0,0,'0.0',3,'null',7),(1116,'TO4','initialState','null',0,0,0,4,'',3,'null',7),(1117,'TO4FR','initialState','null',0,0,0,100,'',3,'null',7),(1118,'AuscultationGap','initialState','null',0,0,0,0,'off',3,'null',7),(1119,'airwayElement','initialState','null',0,0,0,0,'					',3,'null',7),(1120,'airwayElement','initialState','null',0,0,0,0,'					',3,'null',7),(1121,'airwayElement','initialState','null',0,0,0,0,'					',3,'null',7),(1122,'airwayElement','initialState','null',0,0,0,0,'					',3,'null',7),(1123,'airwayElement','initialState','null',0,0,0,0,'					',3,'null',7),(1124,'airwayElement','initialState','null',0,0,0,0,'					',3,'null',7),(1125,'airwayElement','initialState','null',0,0,0,0,'					',3,'null',7),(1126,'airwayElement','initialState','null',0,0,0,0,'					',3,'null',7),(1127,'airwayElement','initialState','null',0,0,0,0,'					',3,'null',7),(1128,'airwayElement','initialState','null',0,0,0,0,'					',3,'null',7),(1129,'airwayElement','initialState','null',0,0,0,0,'					',3,'null',7),(1130,'HR','vitalssummary','null',0,0,0,70,'',3,'null',7),(1131,'Systolic','vitalssummary','null',0,0,0,110,'',3,'null',7),(1132,'Diastolic','vitalssummary','null',0,0,0,60,'',3,'null',7),(1133,'SpO2','vitalssummary','null',0,0,0,99,'',3,'null',7),(1134,'CO2','vitalssummary','null',0,0,0,32,'',3,'null',7),(1135,'MiscEvent','logElement','null',0,0,8,0,'Trochar placement',2,'null',7),(1136,'Frame','logElement','null',0,0,8,0,'Frame: Surgeon dialog',4,'null',7),(1137,'ScenarioStop','logElement','null',0,0,14,0,'',3,'null',7),(1138,'Rhythm','initialState','ECG',0,0,0,0,'Sinus Rhythm',3,'null',8),(1139,'HR','initialState','ECG',0,0,0,83,'',3,'null',8),(1140,'EMD_PEA','initialState','null',0,0,0,0,'off',3,'null',8),(1141,'MuscularArtifact','initialState','null',0,0,0,0,'off',3,'null',8),(1142,'ElectricalArtifact','initialState','null',0,0,0,0,'off',3,'null',8),(1143,'HR','initialState','null',0,0,0,83,'',3,'null',8),(1144,'Systolic','initialState','null',0,0,0,128,'',3,'null',8),(1145,'Diastolic','initialState','null',0,0,0,72,'',3,'null',8),(1146,'SpO2','initialState','null',0,0,0,98,'',3,'null',8),(1147,'CO2','initialState','null',0,0,0,34,'',3,'null',8),(1148,'fiCO2','initialState','null',0,0,0,0,'',3,'null',8),(1149,'shocksForLife','initialState','null',0,0,0,0,'Shocks to conversion =  1',3,'null',8),(1150,'pulseStrengthFemoralis','initialState','null',0,0,0,0,'Central pulses. Pulse strength = normal',3,'null',8),(1151,'pulseStrengthBrachialis','initialState','null',0,0,0,0,'Pulse strength = normal',3,'null',8),(1152,'pulseStrengthRadialis','initialState','null',0,0,0,0,'Pulse radialis/brachialis. Pulse strength = n',3,'null',8),(1153,'CO','initialState','null',0,0,0,0,'5.6',3,'null',8),(1154,'FIN2O','initialState','null',0,0,0,0,'',3,'null',8),(1155,'ETN2O','initialState','null',0,0,0,0,'',3,'null',8),(1156,'FIAnes','initialState','null',0,0,0,0,'0.0',3,'null',8),(1157,'ETAnes','initialState','null',0,0,0,0,'0.0',3,'null',8),(1158,'FIENF','initialState','null',0,0,0,0,'0.0',3,'null',8),(1159,'ETENF','initialState','null',0,0,0,0,'0.0',3,'null',8),(1160,'FIDES','initialState','null',0,0,0,0,'0.0',3,'null',8),(1161,'ETDES','initialState','null',0,0,0,0,'0.0',3,'null',8),(1162,'FIHAL','initialState','null',0,0,0,0,'0.0',3,'null',8),(1163,'ETHAL','initialState','null',0,0,0,0,'0.0',3,'null',8),(1164,'FIISO','initialState','null',0,0,0,0,'0.0',3,'null',8),(1165,'ETISO','initialState','null',0,0,0,0,'0.0',3,'null',8),(1166,'FISEV','initialState','null',0,0,0,0,'0.0',3,'null',8),(1167,'ETSEV','initialState','null',0,0,0,0,'0.0',3,'null',8),(1168,'TO4','initialState','null',0,0,0,4,'',3,'null',8),(1169,'TO4FR','initialState','null',0,0,0,100,'',3,'null',8),(1170,'AuscultationGap','initialState','null',0,0,0,0,'off',3,'null',8),(1171,'airwayElement','initialState','null',0,0,0,0,'					',3,'null',8),(1172,'airwayElement','initialState','null',0,0,0,0,'					',3,'null',8),(1173,'airwayElement','initialState','null',0,0,0,0,'					',3,'null',8),(1174,'airwayElement','initialState','null',0,0,0,0,'					',3,'null',8),(1175,'airwayElement','initialState','null',0,0,0,0,'					',3,'null',8),(1176,'airwayElement','initialState','null',0,0,0,0,'					',3,'null',8),(1177,'airwayElement','initialState','null',0,0,0,0,'					',3,'null',8),(1178,'airwayElement','initialState','null',0,0,0,0,'					',3,'null',8),(1179,'airwayElement','initialState','null',0,0,0,0,'					',3,'null',8),(1180,'airwayElement','initialState','null',0,0,0,0,'					',3,'null',8),(1181,'airwayElement','initialState','null',0,0,0,0,'					',3,'null',8),(1182,'HR','vitalssummary','null',0,0,0,83,'',3,'null',8),(1183,'Systolic','vitalssummary','null',0,0,0,128,'',3,'null',8),(1184,'Diastolic','vitalssummary','null',0,0,0,72,'',3,'null',8),(1185,'SpO2','vitalssummary','null',0,0,0,98,'',3,'null',8),(1186,'CO2','vitalssummary','null',0,0,0,34,'',3,'null',8),(1187,'Frame','ABCEvent','null',0,0,5,0,'Frame: Retraction over 30 seconds then to AFi',4,'null',8),(1188,'Rhythm','ABCEvent','null',0,0,5,0,'Atrial Fibrillation (AFib)',3,'null',8),(1189,'HR','ABCEvent','null',0,0,5,160,'',3,'null',8),(1190,'EMD_PEA','ABCEvent','null',0,0,5,0,'off',3,'null',8),(1191,'MuscularArtifact','ABCEvent','null',0,0,5,0,'off',3,'null',8),(1192,'ElectricalArtifact','ABCEvent','null',0,0,5,0,'off',3,'null',8),(1193,'Rhythm','ABCEvent','null',0,0,5,0,'Atrial Fibrillation (AFib)',3,'null',8),(1194,'HR','ABCEvent','null',0,0,5,160,'',3,'null',8),(1195,'EMD_PEA','ABCEvent','null',0,0,5,0,'off',3,'null',8),(1196,'MuscularArtifact','ABCEvent','null',0,0,5,0,'off',3,'null',8),(1197,'ElectricalArtifact','ABCEvent','null',0,0,5,0,'off',3,'null',8),(1198,'TrendStart','ABCEvent','null',0,0,5,0,'A Fib and BP decrease',4,'null',8),(1199,'HandlerStart','ABCEvent','null',0,0,5,0,'SBO Handler',4,'null',8),(1200,'ABCEvent','ABCEvent','null',0,0,9,0,'Successful Cardioversion',2,'null',8),(1201,'Frame','ABCEvent','null',0,0,9,0,'Frame: Succesful Cardioversion',4,'null',8),(1202,'Rhythm','ABCEvent','null',0,0,9,0,'Sinus with Anterior AMI, ST elevation',3,'null',8),(1203,'HR','ABCEvent','null',0,0,9,85,'',3,'null',8),(1204,'EMD_PEA','ABCEvent','null',0,0,9,0,'off',3,'null',8),(1205,'MuscularArtifact','ABCEvent','null',0,0,9,0,'off',3,'null',8),(1206,'ElectricalArtifact','ABCEvent','null',0,0,9,0,'off',3,'null',8),(1207,'Rhythm','ABCEvent','null',0,0,9,0,'Sinus with Anterior AMI, ST elevation',3,'null',8),(1208,'HR','ABCEvent','null',0,0,9,85,'',3,'null',8),(1209,'EMD_PEA','ABCEvent','null',0,0,9,0,'off',3,'null',8),(1210,'MuscularArtifact','ABCEvent','null',0,0,9,0,'off',3,'null',8),(1211,'ElectricalArtifact','ABCEvent','null',0,0,9,0,'off',3,'null',8),(1212,'TrendStart','ABCEvent','null',0,0,9,0,'Successful Cardioversion',4,'null',8),(1213,'MedicEvent','ABCEvent','null',0,0,11,0,'Pressor',2,'null',8),(1214,'TrendStart','ABCEvent','null',0,0,11,0,'Pressor',4,'null',8),(1215,'MedicEvent','ABCEvent','null',0,0,12,0,'Beta blocker',2,'null',8),(1216,'TrendStart','ABCEvent','null',0,0,12,0,'Beta blocker',4,'null',8),(1217,'MedicEvent','ABCEvent','null',0,0,13,0,'Amiodarone',2,'null',8),(1218,'TrendStart','ABCEvent','null',0,0,13,0,'Amiodarone bolus',4,'null',8),(1219,'MedicEvent','ABCEvent','null',0,0,13,0,'Adenosine',2,'null',8),(1220,'Systolic','ABCEvent','null',0,0,18,106,'',3,'null',8),(1221,'Diastolic','ABCEvent','null',0,0,18,64,'',3,'null',8),(1222,'ScenarioStop','ABCEvent','null',0,0,19,0,'			',3,'null',8);
/*!40000 ALTER TABLE `event` ENABLE KEYS */;
UNLOCK TABLES;

--
-- Table structure for table `patient`
--

DROP TABLE IF EXISTS `patient`;
/*!40101 SET @saved_cs_client     = @@character_set_client */;
/*!40101 SET character_set_client = utf8 */;
CREATE TABLE `patient` (
  `PatientID` varchar(45) NOT NULL,
  `FirstName` varchar(45) DEFAULT NULL,
  `LastName` varchar(45) DEFAULT NULL,
  `Age` int(11) DEFAULT NULL,
  `Height` int(11) DEFAULT NULL,
  `weight` int(11) DEFAULT NULL,
  `Gender` varchar(45) DEFAULT NULL,
  `PictureFile` varchar(45) DEFAULT NULL,
  `Description` varchar(45) DEFAULT NULL,
  PRIMARY KEY (`PatientID`)
) ENGINE=MyISAM DEFAULT CHARSET=utf8;
/*!40101 SET character_set_client = @saved_cs_client */;

--
-- Dumping data for table `patient`
--

LOCK TABLES `patient` WRITE;
/*!40000 ALTER TABLE `patient` DISABLE KEYS */;
INSERT INTO `patient` VALUES ('1',' James','Elde',0,0,0,'Male','null','null');
/*!40000 ALTER TABLE `patient` ENABLE KEYS */;
UNLOCK TABLES;

--
-- Table structure for table `simulation`
--

DROP TABLE IF EXISTS `simulation`;
/*!40101 SET @saved_cs_client     = @@character_set_client */;
/*!40101 SET character_set_client = utf8 */;
CREATE TABLE `simulation` (
  `SimID` int(11) NOT NULL AUTO_INCREMENT,
  `Title` varchar(50) DEFAULT NULL,
  PRIMARY KEY (`SimID`)
) ENGINE=MyISAM AUTO_INCREMENT=9 DEFAULT CHARSET=utf8;
/*!40101 SET character_set_client = @saved_cs_client */;

--
-- Dumping data for table `simulation`
--

LOCK TABLES `simulation` WRITE;
/*!40000 ALTER TABLE `simulation` DISABLE KEYS */;
INSERT INTO `simulation` VALUES (1,'Pharm 5216-Dysrhythmias_10-28 29-15'),(2,'Pharm 5216-Dysrhythmias_10-28 29-15'),(3,'Pharm 5216-Dysrhythmias_10-28 29-15'),(4,'Pharm 5216-Dysrhythmias_10-28 29-15'),(5,'(Tachy in Packy) MOCA PACU MH'),(6,'MOCA Gyn Sedation_VT'),(7,'MOCA Laparoscopy'),(8,'MOCA SBO AFIB');
/*!40000 ALTER TABLE `simulation` ENABLE KEYS */;
UNLOCK TABLES;

--
-- Table structure for table `userevent`
--

DROP TABLE IF EXISTS `userevent`;
/*!40101 SET @saved_cs_client     = @@character_set_client */;
/*!40101 SET character_set_client = utf8 */;
CREATE TABLE `userevent` (
  `eventID` int(11) NOT NULL AUTO_INCREMENT,
  `userID` int(11) DEFAULT NULL,
  `simulationID` int(11) DEFAULT NULL,
  `expertiseLevel` varchar(45) DEFAULT NULL,
  `hours` varchar(45) DEFAULT NULL,
  `minutes` varchar(45) DEFAULT NULL,
  `seconds` varchar(45) DEFAULT NULL,
  `priority` int(11) DEFAULT NULL,
  `timestamp` varchar(45) DEFAULT NULL,
  `HR` int(11) DEFAULT NULL,
  `BPSystolic` int(11) DEFAULT NULL,
  `BPDiastolic` int(11) DEFAULT NULL,
  `SpO2` int(11) DEFAULT NULL,
  PRIMARY KEY (`eventID`)
) ENGINE=InnoDB AUTO_INCREMENT=937 DEFAULT CHARSET=utf8;
/*!40101 SET character_set_client = @saved_cs_client */;

--
-- Dumping data for table `userevent`
--

LOCK TABLES `userevent` WRITE;
/*!40000 ALTER TABLE `userevent` DISABLE KEYS */;
INSERT INTO `userevent` VALUES (730,41,1,'1','00','00','00',3,'2015-10-29T14:40:45-05:00',140,115,50,85),(731,41,1,'1','00','00','29',2,'2015-10-29T14:41:15-05:00',NULL,NULL,NULL,NULL),(732,41,1,'1','00','00','31',2,'2015-10-29T14:41:17-05:00',NULL,NULL,NULL,NULL),(733,41,1,'1','00','00','32',2,'2015-10-29T14:41:18-05:00',NULL,NULL,NULL,NULL),(734,41,1,'1','00','00','33',2,'2015-10-29T14:41:19-05:00',NULL,NULL,NULL,NULL),(735,41,1,'1','00','00','34',2,'2015-10-29T14:41:20-05:00',NULL,NULL,NULL,NULL),(736,41,1,'1','00','00','37',2,'2015-10-29T14:41:23-05:00',NULL,NULL,NULL,NULL),(737,41,1,'1','00','01','00',3,'2015-10-29T14:41:46-05:00',134,115,50,85),(738,41,1,'1','00','02','00',3,'2015-10-29T14:42:46-05:00',137,115,50,85),(739,41,1,'1','00','03','00',3,'2015-10-29T14:43:46-05:00',137,115,50,85),(740,41,1,'1','00','04','00',3,'2015-10-29T14:44:46-05:00',139,115,50,85),(741,41,1,'1','00','05','00',3,'2015-10-29T14:45:46-05:00',139,115,50,85),(742,41,1,'1','00','06','00',3,'2015-10-29T14:46:46-05:00',137,115,50,85),(743,41,1,'1','00','07','00',3,'2015-10-29T14:47:46-05:00',138,115,50,85),(744,41,1,'1','00','08','00',3,'2015-10-29T14:48:46-05:00',137,115,50,85),(745,41,1,'1','00','09','00',3,'2015-10-29T14:49:46-05:00',136,115,50,85),(746,41,1,'1','00','09','22',2,'2015-10-29T14:50:07-05:00',NULL,NULL,NULL,NULL),(747,41,1,'1','00','09','38',2,'2015-10-29T14:50:24-05:00',NULL,NULL,NULL,NULL),(748,41,1,'1','00','09','44',2,'2015-10-29T14:50:30-05:00',NULL,NULL,NULL,NULL),(749,41,1,'1','00','09','45',3,'2015-10-29T14:50:31-05:00',NULL,80,40,NULL),(750,41,1,'1','00','09','53',3,'2015-10-29T14:50:39-05:00',175,NULL,NULL,NULL),(751,41,1,'1','00','10','00',3,'2015-10-29T14:50:46-05:00',177,80,40,82),(752,41,1,'1','00','11','00',3,'2015-10-29T14:51:46-05:00',184,80,40,82),(753,41,1,'1','00','12','00',3,'2015-10-29T14:52:46-05:00',179,80,40,82),(754,41,1,'1','00','12','32',2,'2015-10-29T14:53:18-05:00',NULL,NULL,NULL,NULL),(755,41,1,'1','00','12','58',3,'2015-10-29T14:53:43-05:00',145,NULL,NULL,NULL),(756,41,1,'1','00','13','00',3,'2015-10-29T14:53:46-05:00',131,80,40,82),(757,41,1,'1','00','13','10',3,'2015-10-29T14:53:55-05:00',115,NULL,NULL,NULL),(758,41,1,'1','00','14','00',3,'2015-10-29T14:54:46-05:00',114,80,40,82),(759,41,1,'1','00','14','10',2,'2015-10-29T14:54:56-05:00',NULL,NULL,NULL,NULL),(760,41,1,'1','00','14','16',3,'2015-10-29T14:55:02-05:00',NULL,NULL,NULL,NULL),(761,41,1,'1','00','14','17',3,'2015-10-29T14:55:03-05:00',NULL,126,84,NULL),(762,41,1,'1','00','14','22',3,'2015-10-29T14:55:07-05:00',76,NULL,NULL,NULL),(763,41,1,'1','00','15','00',3,'2015-10-29T14:55:46-05:00',76,126,84,82),(764,41,1,'1','00','16','00',3,'2015-10-29T14:56:46-05:00',75,126,84,82),(765,41,1,'1','00','17','00',3,'2015-10-29T14:57:46-05:00',77,126,84,82),(766,41,1,'1','00','18','00',3,'2015-10-29T14:58:46-05:00',76,126,84,82),(767,41,1,'1','00','19','00',3,'2015-10-29T14:59:46-05:00',75,126,84,82),(768,41,1,'1','00','20','00',3,'2015-10-29T15:00:46-05:00',78,126,84,82),(769,41,1,'1','00','21','00',3,'2015-10-29T15:01:46-05:00',75,126,84,82),(770,41,1,'1','00','22','00',3,'2015-10-29T15:02:46-05:00',76,126,84,82),(771,41,1,'1','00','23','00',3,'2015-10-29T15:03:46-05:00',77,126,84,82),(772,41,1,'1','00','23','33',2,'2015-10-29T15:04:19-05:00',NULL,NULL,NULL,NULL),(773,41,1,'1','00','23','36',2,'2015-10-29T15:04:22-05:00',NULL,NULL,NULL,NULL),(774,41,1,'1','00','23','39',2,'2015-10-29T15:04:25-05:00',NULL,NULL,NULL,NULL),(775,41,1,'1','00','23','47',2,'2015-10-29T15:04:33-05:00',NULL,NULL,NULL,NULL),(776,41,1,'1','00','23','49',2,'2015-10-29T15:04:35-05:00',NULL,NULL,NULL,NULL),(777,41,1,'1','00','24','00',3,'2015-10-29T15:04:46-05:00',75,126,84,82),(778,41,1,'1','00','24','30',2,'2015-10-29T15:05:15-05:00',NULL,NULL,NULL,NULL),(779,41,1,'1','00','24','36',2,'2015-10-29T15:05:22-05:00',NULL,NULL,NULL,NULL),(780,41,1,'1','00','25','00',3,'2015-10-29T15:05:46-05:00',76,126,84,82),(781,41,1,'1','00','25','31',2,'2015-10-29T15:06:17-05:00',NULL,NULL,NULL,NULL),(782,41,1,'1','00','26','00',3,'2015-10-29T15:06:46-05:00',78,126,84,82),(783,41,1,'1','00','26','01',3,'2015-10-29T15:06:47-05:00',NULL,NULL,NULL,NULL),(784,42,1,'1','00','00','00',3,'2015-10-29T14:39:19-05:00',140,115,50,85),(785,42,1,'1','00','00','01',2,'2015-10-29T14:39:20-05:00',NULL,NULL,NULL,NULL),(786,42,1,'1','00','00','02',2,'2015-10-29T14:39:21-05:00',NULL,NULL,NULL,NULL),(787,42,1,'1','00','00','03',2,'2015-10-29T14:39:23-05:00',NULL,NULL,NULL,NULL),(788,42,1,'1','00','00','04',2,'2015-10-29T14:39:24-05:00',NULL,NULL,NULL,NULL),(789,42,1,'1','00','00','05',2,'2015-10-29T14:39:25-05:00',NULL,NULL,NULL,NULL),(790,42,1,'1','00','00','07',2,'2015-10-29T14:39:27-05:00',NULL,NULL,NULL,NULL),(791,42,1,'1','00','00','11',3,'2015-10-29T14:39:31-05:00',135,NULL,NULL,NULL),(792,42,1,'1','00','01','00',3,'2015-10-29T14:40:20-05:00',136,115,50,85),(793,42,1,'1','00','02','00',3,'2015-10-29T14:41:20-05:00',136,115,50,85),(794,42,1,'1','00','02','40',2,'2015-10-29T14:41:59-05:00',NULL,NULL,NULL,NULL),(795,42,1,'1','00','02','57',3,'2015-10-29T14:42:17-05:00',NULL,NULL,NULL,NULL),(796,42,1,'1','00','03','00',3,'2015-10-29T14:42:20-05:00',138,115,50,85),(797,42,1,'1','00','03','07',3,'2015-10-29T14:42:27-05:00',NULL,NULL,NULL,92),(798,42,1,'1','00','03','09',3,'2015-10-29T14:42:29-05:00',80,NULL,NULL,NULL),(799,42,1,'1','00','04','00',3,'2015-10-29T14:43:20-05:00',81,115,50,94),(800,42,1,'1','00','04','04',2,'2015-10-29T14:43:23-05:00',NULL,NULL,NULL,NULL),(801,42,1,'1','00','04','04',2,'2015-10-29T14:43:24-05:00',NULL,NULL,NULL,NULL),(802,42,1,'1','00','04','10',3,'2015-10-29T14:43:30-05:00',NULL,NULL,NULL,NULL),(803,42,1,'1','00','04','11',3,'2015-10-29T14:43:31-05:00',NULL,80,40,NULL),(804,42,1,'1','00','04','12',3,'2015-10-29T14:43:32-05:00',167,NULL,NULL,82),(805,42,1,'1','00','04','13',2,'2015-10-29T14:43:33-05:00',NULL,NULL,NULL,NULL),(806,42,1,'1','00','04','25',2,'2015-10-29T14:43:45-05:00',NULL,NULL,NULL,NULL),(807,42,1,'1','00','04','31',2,'2015-10-29T14:43:51-05:00',NULL,NULL,NULL,NULL),(808,42,1,'1','00','04','37',3,'2015-10-29T14:43:57-05:00',NULL,NULL,NULL,NULL),(809,42,1,'1','00','04','38',3,'2015-10-29T14:43:58-05:00',NULL,126,84,NULL),(810,42,1,'1','00','04','39',3,'2015-10-29T14:43:59-05:00',97,NULL,NULL,NULL),(811,42,1,'1','00','04','46',3,'2015-10-29T14:44:06-05:00',75,NULL,NULL,NULL),(812,42,1,'1','00','04','55',3,'2015-10-29T14:44:15-05:00',NULL,NULL,NULL,96),(813,42,1,'1','00','05','00',3,'2015-10-29T14:44:20-05:00',77,126,84,96),(814,42,1,'1','00','06','00',3,'2015-10-29T14:45:20-05:00',75,126,84,96),(815,42,1,'1','00','07','00',3,'2015-10-29T14:46:20-05:00',76,126,84,96),(816,42,1,'1','00','08','00',3,'2015-10-29T14:47:20-05:00',76,126,84,96),(817,42,1,'1','00','09','00',3,'2015-10-29T14:48:20-05:00',75,126,84,98),(818,42,1,'1','00','10','00',3,'2015-10-29T14:49:20-05:00',75,126,84,98),(819,42,1,'1','00','11','00',3,'2015-10-29T14:50:20-05:00',78,126,84,98),(820,42,1,'1','00','11','10',2,'2015-10-29T14:50:29-05:00',NULL,NULL,NULL,NULL),(821,42,1,'1','00','11','22',2,'2015-10-29T14:50:41-05:00',NULL,NULL,NULL,NULL),(822,42,1,'1','00','12','00',3,'2015-10-29T14:51:20-05:00',76,126,84,98),(823,42,1,'1','00','12','59',2,'2015-10-29T14:52:18-05:00',NULL,NULL,NULL,NULL),(824,42,1,'1','00','13','00',3,'2015-10-29T14:52:20-05:00',76,126,84,98),(825,42,1,'1','00','14','00',3,'2015-10-29T14:53:20-05:00',76,126,84,98),(826,42,1,'1','00','14','23',2,'2015-10-29T14:53:42-05:00',NULL,NULL,NULL,NULL),(827,42,1,'1','00','15','00',3,'2015-10-29T14:54:20-05:00',76,126,84,98),(828,42,1,'1','00','15','31',2,'2015-10-29T14:54:50-05:00',NULL,NULL,NULL,NULL),(829,42,1,'1','00','15','32',2,'2015-10-29T14:54:51-05:00',NULL,NULL,NULL,NULL),(830,42,1,'1','00','16','00',3,'2015-10-29T14:55:20-05:00',75,126,84,98),(831,42,1,'1','00','17','00',3,'2015-10-29T14:56:20-05:00',77,126,84,98),(832,42,1,'1','00','18','00',3,'2015-10-29T14:57:20-05:00',77,126,84,98),(833,42,1,'1','00','19','00',3,'2015-10-29T14:58:20-05:00',76,126,84,98),(834,42,1,'1','00','19','18',3,'2015-10-29T14:58:37-05:00',NULL,NULL,NULL,NULL),(835,43,1,'1','00','00','00',3,'2015-10-29T14:39:19-05:00',140,115,50,85),(836,43,1,'1','00','00','01',2,'2015-10-29T14:39:20-05:00',NULL,NULL,NULL,NULL),(837,43,1,'1','00','00','02',2,'2015-10-29T14:39:21-05:00',NULL,NULL,NULL,NULL),(838,43,1,'1','00','00','03',2,'2015-10-29T14:39:23-05:00',NULL,NULL,NULL,NULL),(839,43,1,'1','00','00','04',2,'2015-10-29T14:39:24-05:00',NULL,NULL,NULL,NULL),(840,43,1,'1','00','00','05',2,'2015-10-29T14:39:25-05:00',NULL,NULL,NULL,NULL),(841,43,1,'1','00','00','07',2,'2015-10-29T14:39:27-05:00',NULL,NULL,NULL,NULL),(842,43,1,'1','00','00','11',3,'2015-10-29T14:39:31-05:00',135,NULL,NULL,NULL),(843,43,1,'1','00','01','00',3,'2015-10-29T14:40:20-05:00',136,115,50,85),(844,43,1,'1','00','02','00',3,'2015-10-29T14:41:20-05:00',136,115,50,85),(845,43,1,'1','00','02','40',2,'2015-10-29T14:41:59-05:00',NULL,NULL,NULL,NULL),(846,43,1,'1','00','02','57',3,'2015-10-29T14:42:17-05:00',NULL,NULL,NULL,NULL),(847,43,1,'1','00','03','00',3,'2015-10-29T14:42:20-05:00',138,115,50,85),(848,43,1,'1','00','03','07',3,'2015-10-29T14:42:27-05:00',NULL,NULL,NULL,92),(849,43,1,'1','00','03','09',3,'2015-10-29T14:42:29-05:00',80,NULL,NULL,NULL),(850,43,1,'1','00','04','00',3,'2015-10-29T14:43:20-05:00',81,115,50,94),(851,43,1,'1','00','04','04',2,'2015-10-29T14:43:23-05:00',NULL,NULL,NULL,NULL),(852,43,1,'1','00','04','04',2,'2015-10-29T14:43:24-05:00',NULL,NULL,NULL,NULL),(853,43,1,'1','00','04','10',3,'2015-10-29T14:43:30-05:00',NULL,NULL,NULL,NULL),(854,43,1,'1','00','04','11',3,'2015-10-29T14:43:31-05:00',NULL,80,40,NULL),(855,43,1,'1','00','04','12',3,'2015-10-29T14:43:32-05:00',167,NULL,NULL,82),(856,43,1,'1','00','04','13',2,'2015-10-29T14:43:33-05:00',NULL,NULL,NULL,NULL),(857,43,1,'1','00','04','25',2,'2015-10-29T14:43:45-05:00',NULL,NULL,NULL,NULL),(858,43,1,'1','00','04','31',2,'2015-10-29T14:43:51-05:00',NULL,NULL,NULL,NULL),(859,43,1,'1','00','04','37',3,'2015-10-29T14:43:57-05:00',NULL,NULL,NULL,NULL),(860,43,1,'1','00','04','38',3,'2015-10-29T14:43:58-05:00',NULL,126,84,NULL),(861,43,1,'1','00','04','39',3,'2015-10-29T14:43:59-05:00',97,NULL,NULL,NULL),(862,43,1,'1','00','04','46',3,'2015-10-29T14:44:06-05:00',75,NULL,NULL,NULL),(863,43,1,'1','00','04','55',3,'2015-10-29T14:44:15-05:00',NULL,NULL,NULL,96),(864,43,1,'1','00','05','00',3,'2015-10-29T14:44:20-05:00',77,126,84,96),(865,43,1,'1','00','06','00',3,'2015-10-29T14:45:20-05:00',75,126,84,96),(866,43,1,'1','00','07','00',3,'2015-10-29T14:46:20-05:00',76,126,84,96),(867,43,1,'1','00','08','00',3,'2015-10-29T14:47:20-05:00',76,126,84,96),(868,43,1,'1','00','09','00',3,'2015-10-29T14:48:20-05:00',75,126,84,98),(869,43,1,'1','00','10','00',3,'2015-10-29T14:49:20-05:00',75,126,84,98),(870,43,1,'1','00','11','00',3,'2015-10-29T14:50:20-05:00',78,126,84,98),(871,43,1,'1','00','11','10',2,'2015-10-29T14:50:29-05:00',NULL,NULL,NULL,NULL),(872,43,1,'1','00','11','22',2,'2015-10-29T14:50:41-05:00',NULL,NULL,NULL,NULL),(873,43,1,'1','00','12','00',3,'2015-10-29T14:51:20-05:00',76,126,84,98),(874,43,1,'1','00','12','59',2,'2015-10-29T14:52:18-05:00',NULL,NULL,NULL,NULL),(875,43,1,'1','00','13','00',3,'2015-10-29T14:52:20-05:00',76,126,84,98),(876,43,1,'1','00','14','00',3,'2015-10-29T14:53:20-05:00',76,126,84,98),(877,43,1,'1','00','14','23',2,'2015-10-29T14:53:42-05:00',NULL,NULL,NULL,NULL),(878,43,1,'1','00','15','00',3,'2015-10-29T14:54:20-05:00',76,126,84,98),(879,43,1,'1','00','15','31',2,'2015-10-29T14:54:50-05:00',NULL,NULL,NULL,NULL),(880,43,1,'1','00','15','32',2,'2015-10-29T14:54:51-05:00',NULL,NULL,NULL,NULL),(881,43,1,'1','00','16','00',3,'2015-10-29T14:55:20-05:00',75,126,84,98),(882,43,1,'1','00','17','00',3,'2015-10-29T14:56:20-05:00',77,126,84,98),(883,43,1,'1','00','18','00',3,'2015-10-29T14:57:20-05:00',77,126,84,98),(884,43,1,'1','00','19','00',3,'2015-10-29T14:58:20-05:00',76,126,84,98),(885,43,1,'1','00','19','18',3,'2015-10-29T14:58:37-05:00',NULL,NULL,NULL,NULL),(886,44,6,'2','00','00','00',3,'2015-10-29T14:39:55-05:00',140,115,50,85),(887,44,6,'2','00','01','00',3,'2015-10-29T14:40:56-05:00',140,115,50,85),(888,44,6,'2','00','01','39',2,'2015-10-29T14:41:35-05:00',NULL,NULL,NULL,NULL),(889,44,6,'2','00','01','40',2,'2015-10-29T14:41:36-05:00',NULL,NULL,NULL,NULL),(890,44,6,'2','00','01','41',2,'2015-10-29T14:41:37-05:00',NULL,NULL,NULL,NULL),(891,44,6,'2','00','01','43',2,'2015-10-29T14:41:39-05:00',NULL,NULL,NULL,NULL),(892,44,6,'2','00','01','44',2,'2015-10-29T14:41:40-05:00',NULL,NULL,NULL,NULL),(893,44,6,'2','00','01','46',2,'2015-10-29T14:41:42-05:00',NULL,NULL,NULL,NULL),(894,44,6,'2','00','02','00',3,'2015-10-29T14:41:56-05:00',133,115,50,85),(895,44,6,'2','00','03','00',3,'2015-10-29T14:42:56-05:00',140,115,50,85),(896,44,6,'2','00','04','00',3,'2015-10-29T14:43:56-05:00',139,115,50,85),(897,44,6,'2','00','05','00',3,'2015-10-29T14:44:56-05:00',140,115,50,85),(898,44,6,'2','00','06','00',3,'2015-10-29T14:45:56-05:00',136,115,50,85),(899,44,6,'2','00','07','00',3,'2015-10-29T14:46:56-05:00',139,115,50,85),(900,44,6,'2','00','08','00',3,'2015-10-29T14:47:56-05:00',137,115,50,85),(901,44,6,'2','00','09','00',3,'2015-10-29T14:48:56-05:00',137,115,50,85),(902,44,6,'2','00','09','26',2,'2015-10-29T14:49:22-05:00',NULL,NULL,NULL,NULL),(903,44,6,'2','00','09','29',2,'2015-10-29T14:49:25-05:00',NULL,NULL,NULL,NULL),(904,44,6,'2','00','09','34',2,'2015-10-29T14:49:30-05:00',NULL,NULL,NULL,NULL),(905,44,6,'2','00','10','00',3,'2015-10-29T14:49:56-05:00',137,115,50,85),(906,44,6,'2','00','10','04',2,'2015-10-29T14:50:00-05:00',NULL,NULL,NULL,NULL),(907,44,6,'2','00','10','09',2,'2015-10-29T14:50:05-05:00',NULL,NULL,NULL,NULL),(908,44,6,'2','00','10','10',3,'2015-10-29T14:50:06-05:00',NULL,NULL,NULL,NULL),(909,44,6,'2','00','10','11',3,'2015-10-29T14:50:07-05:00',NULL,80,40,NULL),(910,44,6,'2','00','10','13',3,'2015-10-29T14:50:09-05:00',178,NULL,NULL,NULL),(911,44,6,'2','00','11','00',3,'2015-10-29T14:50:56-05:00',183,80,40,82),(912,44,6,'2','00','12','00',3,'2015-10-29T14:51:56-05:00',179,80,40,82),(913,44,6,'2','00','12','31',2,'2015-10-29T14:52:27-05:00',NULL,NULL,NULL,NULL),(914,44,6,'2','00','12','35',2,'2015-10-29T14:52:30-05:00',NULL,NULL,NULL,NULL),(915,44,6,'2','00','12','41',3,'2015-10-29T14:52:37-05:00',NULL,NULL,NULL,NULL),(916,44,6,'2','00','12','42',3,'2015-10-29T14:52:38-05:00',NULL,126,84,NULL),(917,44,6,'2','00','12','45',3,'2015-10-29T14:52:41-05:00',NULL,NULL,NULL,97),(918,44,6,'2','00','12','49',3,'2015-10-29T14:52:45-05:00',76,NULL,NULL,NULL),(919,44,6,'2','00','13','00',3,'2015-10-29T14:52:56-05:00',76,126,84,97),(920,44,6,'2','00','14','00',3,'2015-10-29T14:53:56-05:00',76,126,84,97),(921,44,6,'2','00','14','27',2,'2015-10-29T14:54:23-05:00',NULL,NULL,NULL,NULL),(922,44,6,'2','00','15','00',3,'2015-10-29T14:54:56-05:00',75,126,84,97),(923,44,6,'2','00','15','27',2,'2015-10-29T14:55:23-05:00',NULL,NULL,NULL,NULL),(924,44,6,'2','00','16','00',3,'2015-10-29T14:55:57-05:00',75,126,84,97),(925,44,6,'2','00','17','00',3,'2015-10-29T14:56:57-05:00',77,126,84,97),(926,44,6,'2','00','18','00',3,'2015-10-29T14:57:57-05:00',76,126,84,97),(927,44,6,'2','00','19','00',3,'2015-10-29T14:58:57-05:00',76,126,84,97),(928,44,6,'2','00','20','00',3,'2015-10-29T14:59:57-05:00',77,126,84,97),(929,44,6,'2','00','20','54',2,'2015-10-29T15:00:51-05:00',NULL,NULL,NULL,NULL),(930,44,6,'2','00','21','00',3,'2015-10-29T15:00:57-05:00',75,126,84,97),(931,44,6,'2','00','21','56',2,'2015-10-29T15:01:53-05:00',NULL,NULL,NULL,NULL),(932,44,6,'2','00','22','00',3,'2015-10-29T15:01:57-05:00',75,126,84,97),(933,44,6,'2','00','22','35',2,'2015-10-29T15:02:31-05:00',NULL,NULL,NULL,NULL),(934,44,6,'2','00','22','36',2,'2015-10-29T15:02:32-05:00',NULL,NULL,NULL,NULL),(935,44,6,'2','00','23','00',3,'2015-10-29T15:02:57-05:00',77,126,84,97),(936,44,6,'2','00','23','08',3,'2015-10-29T15:03:04-05:00',NULL,NULL,NULL,NULL);
/*!40000 ALTER TABLE `userevent` ENABLE KEYS */;
UNLOCK TABLES;

--
-- Table structure for table `userinformation`
--

DROP TABLE IF EXISTS `userinformation`;
/*!40101 SET @saved_cs_client     = @@character_set_client */;
/*!40101 SET character_set_client = utf8 */;
CREATE TABLE `userinformation` (
  `userID` int(11) NOT NULL AUTO_INCREMENT,
  `userName` varchar(45) DEFAULT NULL,
  `userXMLPath` varchar(45) DEFAULT NULL,
  PRIMARY KEY (`userID`)
) ENGINE=InnoDB AUTO_INCREMENT=45 DEFAULT CHARSET=utf8 COMMENT='In this project, use a random session id as user name, then store xml file path to this table';
/*!40101 SET character_set_client = @saved_cs_client */;

--
-- Dumping data for table `userinformation`
--

LOCK TABLES `userinformation` WRITE;
/*!40000 ALTER TABLE `userinformation` DISABLE KEYS */;
INSERT INTO `userinformation` VALUES (1,'C05E21C78DAF5A61C55D9BC3574012B1','C05E21C78DAF5A61C55D9BC3574012B1.xml'),(2,'C1BB2EB11AC84E3BD2D3CD4891BB1632','C1BB2EB11AC84E3BD2D3CD4891BB1632.xml'),(3,'29C48A5EA966335F0ADB1E2178F7848B','29C48A5EA966335F0ADB1E2178F7848B.xml'),(4,'750C3848E1A98422D1889551E1B35FF3','750C3848E1A98422D1889551E1B35FF3.xml'),(5,'0173EC04E74720B69BDE7DC4BD3E537E','0173EC04E74720B69BDE7DC4BD3E537E.xml'),(6,'9333551C56CF5EC23217946D851ECFB4','9333551C56CF5EC23217946D851ECFB4.xml'),(7,'6C6595A0E821930FDDEDC44DA3A431D9','6C6595A0E821930FDDEDC44DA3A431D9.xml'),(8,'E372003400243AF545466739AF2B97E3','E372003400243AF545466739AF2B97E3.xml'),(9,'258A0C0517FB6FDD2753BDB8C9360AF8','258A0C0517FB6FDD2753BDB8C9360AF8.xml'),(10,'25D8D35CA931B34B89F5CD232BF74E8F','25D8D35CA931B34B89F5CD232BF74E8F.xml'),(11,'57D3E2944D8D2CFE92EE487BE721B61F','57D3E2944D8D2CFE92EE487BE721B61F.xml'),(12,'58ED9016914F56919D837853A9447C7B','58ED9016914F56919D837853A9447C7B.xml'),(13,'FA127F554033AB21F31AFF5CCCD0CC44','FA127F554033AB21F31AFF5CCCD0CC44.xml'),(14,'17C07D361AC92B2747B70A19462DB583','17C07D361AC92B2747B70A19462DB583.xml'),(15,'4D679777A76E04FA17BFEDB0B12CC1BA','4D679777A76E04FA17BFEDB0B12CC1BA.xml'),(16,'669EF03F9F20E56D93538FFCF260BE55','669EF03F9F20E56D93538FFCF260BE55.xml'),(17,'004687097B1AE3480275C9AC9C5D267E','004687097B1AE3480275C9AC9C5D267E.xml'),(18,'BE0628359D29CCEB2EE572E75F783BC2','BE0628359D29CCEB2EE572E75F783BC2.xml'),(19,'41CDD4FF5B2065022D7569BF580EFE41','41CDD4FF5B2065022D7569BF580EFE41.xml'),(20,'E1B78ED909C380E27ABC4A2285C3A360','E1B78ED909C380E27ABC4A2285C3A360.xml'),(21,'258C57D4ED81897F06EEDBB958B0A2F1','258C57D4ED81897F06EEDBB958B0A2F1.xml'),(22,'597F74B9752075B7166A93457AF3C999','597F74B9752075B7166A93457AF3C999.xml'),(23,'D75535266726D0CEA638454FE2F8772B','D75535266726D0CEA638454FE2F8772B.xml'),(24,'833E79554870E8818052DA18D3E0C540','833E79554870E8818052DA18D3E0C540.xml'),(25,'C9CA4E1BE9930FADCD13E2DC57727C61','C9CA4E1BE9930FADCD13E2DC57727C61.xml'),(26,'C57CB5BFE01CB213439AC7098F9B3206','C57CB5BFE01CB213439AC7098F9B3206.xml'),(27,'338CF04B6120CE2CEA8280C4F6E49B97','338CF04B6120CE2CEA8280C4F6E49B97.xml'),(28,'F42A5426EC9754173D91BE8BB149A34D','F42A5426EC9754173D91BE8BB149A34D.xml'),(29,'8BAE265F5AA8E56356F9E7A6D6B15998','8BAE265F5AA8E56356F9E7A6D6B15998.xml'),(30,'61B026C0E6732D81ABF7503B156FA619','61B026C0E6732D81ABF7503B156FA619.xml'),(31,'E5E2139C400E3067B395297129BD989C','E5E2139C400E3067B395297129BD989C.xml'),(32,'695931D3ADD70E9E841CE54238FF213A','695931D3ADD70E9E841CE54238FF213A.xml'),(33,'C89E1D741E0696555A0E379A6CF875EA','C89E1D741E0696555A0E379A6CF875EA.xml'),(34,'63EB50A96BD9D404A6708E16225621B6','63EB50A96BD9D404A6708E16225621B6.xml'),(35,'7E977EAF2647ED7F237EB33C1D30842C','7E977EAF2647ED7F237EB33C1D30842C.xml'),(36,'18D463CEA7F172F8D10F8ABF3739E381','18D463CEA7F172F8D10F8ABF3739E381.xml'),(37,'AA6AB42E71B67E3E18FC38E620C9CE4D','AA6AB42E71B67E3E18FC38E620C9CE4D.xml'),(38,'340D2496A68558EB62DABCDBACE23579','340D2496A68558EB62DABCDBACE23579.xml'),(39,'F72286E5E4C2AFB9C9B6649DDEFD730A','F72286E5E4C2AFB9C9B6649DDEFD730A.xml'),(40,'D8705E8B1C7F744F1F1E769045B8BE11','D8705E8B1C7F744F1F1E769045B8BE11.xml'),(41,'C52C12AB14007287AD6536A14DDB02D9','C52C12AB14007287AD6536A14DDB02D9.xml'),(42,'9E976F0D5A5F2EE2C5B3E8B37F27F7CB','9E976F0D5A5F2EE2C5B3E8B37F27F7CB.xml'),(43,'217E91EA78BFCDE68E8BAD1CC2FA5D60','217E91EA78BFCDE68E8BAD1CC2FA5D60.xml'),(44,'BDB55BFA806925FB6954BED079F5F746','BDB55BFA806925FB6954BED079F5F746.xml');
/*!40000 ALTER TABLE `userinformation` ENABLE KEYS */;
UNLOCK TABLES;

--
-- Table structure for table `userlog`
--

DROP TABLE IF EXISTS `userlog`;
/*!40101 SET @saved_cs_client     = @@character_set_client */;
/*!40101 SET character_set_client = utf8 */;
CREATE TABLE `userlog` (
  `logID` int(11) NOT NULL AUTO_INCREMENT,
  `userID` int(11) DEFAULT NULL,
  `simulationID` int(11) DEFAULT NULL,
  `XMLPath` varchar(105) DEFAULT NULL,
  `expertLevel` varchar(45) DEFAULT NULL,
  `timestamp` timestamp(6) NULL DEFAULT NULL,
  `grade` int(11) DEFAULT NULL,
  PRIMARY KEY (`logID`)
) ENGINE=InnoDB AUTO_INCREMENT=7 DEFAULT CHARSET=utf8;
/*!40101 SET character_set_client = @saved_cs_client */;

--
-- Dumping data for table `userlog`
--

LOCK TABLES `userlog` WRITE;
/*!40000 ALTER TABLE `userlog` DISABLE KEYS */;
INSERT INTO `userlog` VALUES (1,40,1,'D8705E8B1C7F744F1F1E769045B8BE11.xml','1',NULL,NULL),(2,41,1,'C52C12AB14007287AD6536A14DDB02D9.xml','1',NULL,NULL),(3,41,1,'C52C12AB14007287AD6536A14DDB02D9.xml','1',NULL,NULL),(4,42,1,'9E976F0D5A5F2EE2C5B3E8B37F27F7CB.xml','1',NULL,NULL),(5,43,1,'217E91EA78BFCDE68E8BAD1CC2FA5D60.xml','1',NULL,NULL),(6,44,6,'BDB55BFA806925FB6954BED079F5F746.xml','2',NULL,66);
/*!40000 ALTER TABLE `userlog` ENABLE KEYS */;
UNLOCK TABLES;
/*!40103 SET TIME_ZONE=@OLD_TIME_ZONE */;

/*!40101 SET SQL_MODE=@OLD_SQL_MODE */;
/*!40014 SET FOREIGN_KEY_CHECKS=@OLD_FOREIGN_KEY_CHECKS */;
/*!40014 SET UNIQUE_CHECKS=@OLD_UNIQUE_CHECKS */;
/*!40101 SET CHARACTER_SET_CLIENT=@OLD_CHARACTER_SET_CLIENT */;
/*!40101 SET CHARACTER_SET_RESULTS=@OLD_CHARACTER_SET_RESULTS */;
/*!40101 SET COLLATION_CONNECTION=@OLD_COLLATION_CONNECTION */;
/*!40111 SET SQL_NOTES=@OLD_SQL_NOTES */;

-- Dump completed on 2017-02-10 16:56:53
